pool	chain	project	symbol	tvl	apyBase	apyReward	apy	cnt	outlier	cls	prob	corr.apy.tvl	corr.apy.tvl.ma30
a349fea4-d780-4e16-973e-70ca9b606db2	Ethereum	aave-v2	USDC	1257883277	0.24215	0.0	0.24215	209	False	Stable/Up	81.0	-0.8106868531219581	-0.944525332223928
cefa9bb8-c230-459a-a855-3b94e96acd8c	Ethereum	compound	cUSDC	996195052	0.58179	0.37552	0.95731	209	False	Stable/Up	72.0	0.8450862581727574	0.7538008179714493
cc110152-36c2-4e10-9c12-c5b4eb662143	Ethereum	compound	cDAI	736257444	0.88256	0.52502	1.40758	209	False	Stable/Up	80.0	0.8196749622516529	-0.7585278559049302
fa2f8727-4234-4394-ae55-588d97307b34	Tron	justlend	USDC	441227189	1.84805	0.03377	1.88183	63	False	Down	52.0	-0.9910595536143317	-0.9904108005590602
57647093-2868-4e65-97ab-9cae8ec74e7d	Ethereum	compound	cUSDT	396962043	2.02653	0.13411	2.16063	209	False	Stable/Up	67.0	0.38375905055711856	-0.9390889609696664
c4b05318-88af-4536-a834-f5fc8940d2d3	Avalanche	aave-v3	USDC	383943562	1.06803	0.86805	1.93608	31	False	Stable/Up	90.0	0.6654856150428763	0.6432137081908265
60d657c9-5f63-4771-a85b-2cf8d507ec00	Ethereum	aave-v2	USDT	229005267	1.25933	0.0	1.25933	209	False	Stable/Up	80.0	-0.7544306872033454	-0.8037503451354351
53b3663f-9096-49df-8787-f6ea3b6d0612	Tron	justlend	USDD	199042601	0.47594	9.31364	9.78958	63	False	Stable/Up	75.0	-0.9799857928757558	-0.9972731279831687
405d8dad-5c99-4c91-90d3-82813ade1ff1	Ethereum	aave-v2	DAI	175785389	0.90529	0.0	0.90529	209	False	Stable/Up	84.0	-0.21315551936393556	-0.9783022398676715
24762515-822a-46af-927c-77a1dc449bd0	Optimism	aave-v3	USDC	157416775	2.45286	0.76278	3.21564	31	False	Stable/Up	83.0	0.03603272648865445	0.010193459640273418
22b4985a-d97b-40a4-ae97-37f9351a9d91	Tron	justlend	USDJ	138677820	0.01813	0.74597	0.7641	63	False	Stable/Up	90.0	-0.08571325080670823	-0.9960188849672921
535daca1-b457-48be-b93f-82b7a7fa1e0a	Tron	justlend	TUSD	136528189	0.18039	0.99335	1.17374	63	False	Stable/Up	78.0	-0.35345541064197855	-0.9942995592537934
5f2e32ac-fa1a-468f-98f5-ef5a8f5b07f3	Binance	alpaca-finance	BUSD	94584840	1.81154	0.0	1.81154	119	False	Stable/Up	65.0	-0.09010396357962616	-0.8315511235561646
9f3a6015-5045-4471-ba65-ad3dc7c38269	Binance	venus	USDT	93140637	0.8888	0.30684	1.19564	64	False	Stable/Up	82.0	-0.9692739438874045	-0.9714146481488567
745b5b20-c9dc-4d3e-8c74-9fa3d3d81830	Polygon	aave-v2	USDC	90319174	0.2902	0.0	0.2902	209	False	Down	63.0	-0.5212831832140076	-0.9583478619324749
b37c26c3-848f-45f0-bd75-af97f1674a4d	Cronos	tectonic	USDT	86910817	1.1253	0.19715	1.32245	28	False	Stable/Up	87.0	0.4466179939399162	0.4466179939399162
3e669ce8-74c5-4fc9-bf85-f40a924c6407	Avalanche	aave-v3	DAI.e	85339703	1.26257	0.99141	2.25398	31	False	Stable/Up	67.0	-0.587694084942423	-0.5679888891263373
dac406f6-5600-437e-849d-f03daa383864	Tron	justlend	USDT	84065895	1.76841	1.38061	3.14902	63	False	Stable/Up	65.0	-0.8437558462282889	-0.9241140762554816
363e5586-cfee-402c-9b0b-be70366052e8	Optimism	aave-v3	DAI	82709552	2.86134	0.8401	3.70144	31	False	Stable/Up	69.0	-0.43448282811516	-0.43725857864933443
c89af47f-032a-4c59-bdc9-17a7f1514a3b	Ethereum	goldfinch	USDC	79185781	7.81412	8.12286	15.93699	32	False	Stable/Up	64.0	0.09826478377039266	0.2046411272599501
0c3c1b07-7c36-4fbb-8e71-226e02bf15c1	Cronos	tectonic	USDC	76588979	1.02347	0.73578	1.75926	28	False	Stable/Up	95.0	0.7293393706628662	0.7293393706628662
03ded5d7-ded8-49b6-bd3c-2f48c30923be	Binance	alpaca-finance	USDT	76311991	2.87534	0.0	2.87534	119	False	Stable/Up	85.0	0.11598854202654907	-0.9427486895638492
c24d9138-51aa-48f4-a445-7f33bf7bf5fb	Ethereum	stargate	S*USDC	74606392	0.0	4.35802	4.35802	7	False	Stable/Up	59.0	-0.9102843048521055	-0.9102843048521055
b718e8ee-c749-4152-9f3d-e3f9ff2da564	Ethereum	morpho	USDC	72194516	0.58796	0.36974	0.9577	18	False	Stable/Up	87.0	0.9696050384109216	0.9696050384109216
483533e6-3112-44a1-beae-7cae023065a6	Binance	venus	BUSD	71099978	1.01872	0.37954	1.39827	64	False	Stable/Up	78.0	-0.9644324801821673	-0.9878056323891222
f0a283bc-55a2-4b09-bb85-28f7fde6f16d	Binance	alpaca-finance	ibBUSD	68101982	0.22772	0.0	0.22772	119	False	Down	52.0	-0.4411782442404529	-0.19246937234105616
72124487-ba91-46d8-907e-31b8eca90af3	Ethereum	yearn-finance	yvUSDC	64542986	0.42548	0.0	0.42548	165	False	Stable/Up	93.0	0.7114527122215957	0.2972888513889954
8e7f84d9-7ee8-4c40-8c45-e622b16d3c4f	Binance	alpaca-finance	ibUSDT	63903933	0.17972	0.0	0.17972	119	False	Stable/Up	51.0	-0.42025294968897525	-0.041981648904438174
8d203a10-f5d2-4f4c-8fba-7d31b3c89e71	Avalanche	stargate	S*USDC	57201530	0.0	4.23953	4.23953	7	False	Stable/Up	57.99999999999999	-0.8427786783500129	-0.8427786783500129
7be3388a-0591-4281-a6f3-eff3217693fa	Ethereum	yearn-finance	yvDAI	53282868	1.34502	0.0	1.34502	165	False	Stable/Up	71.0	0.5175604330231973	-0.035803442166196194
bbd7450a-bef9-451a-9509-36b86a622b86	Arbitrum	stargate	S*USDC	52198666	0.0	4.39404	4.39404	7	False	Stable/Up	62.0	-0.8269711418372759	-0.8269711418372759
1e6a12f5-687c-4ce6-8416-af38f17954ea	Ethereum	morpho	DAI	49116955	0.89979	0.50807	1.40786	18	False	Stable/Up	76.0	0.9674306983001545	0.9674306983001545
529258ee-9b27-4fcf-a32c-b82abb3fda68	Ethereum	origin-dollar	OUSD	48569332	1.68	0.0	1.68	23	False	Stable/Up	77.0	0.12008913805825623	0.12008913805825623
ab8a1d61-fd57-4ebf-b926-7c9da9028f0f	Ethereum	stargate	S*USDT	48192607	0.0	6.04335	6.04335	7	False	Down	59.0	-0.8788993090033798	-0.8788993090033798
4bba2ff6-7723-47d1-8825-4a6d08626a1f	Avalanche	stargate	S*USDt	46378387	0.0	6.85824	6.85824	7	False	Down	75.0	-0.9388803839389535	-0.9388803839389535
ff59b165-64e0-4868-a6db-6049b5135358	Avalanche	benqi-lending	USDC	45579464	1.85405	0.58908	2.44313	29	False	Stable/Up	68.0	-0.559809878212775	-0.559809878212775
dde4c16c-504d-470b-9404-006287ce0906	Solana	solend	USDC	43340925	3.21691	0.0	3.21691	118	False	Down	59.0	-0.34866215468070294	-0.9942772859977804
72a0cd12-822f-4b71-a063-9887fbfff463	Binance	stargate	S*BUSD	38505768	0.0	3.9073	3.9073	7	False	Stable/Up	66.0	-0.8919843694826045	-0.8919843694826045
3e5428b9-281e-450b-981f-700920c62a2f	Ethereum	maple	USDC	38057216	5.19	2.5	7.69	14	False	Stable/Up	64.0	-0.9870396987697371	-0.9870396987697371
7131b94d-a801-446c-9968-8fa7f68b3b87	Ethereum	notional	nUSDC	37197973	0.33037	4.49095	4.82132	26	False	Stable/Up	56.99999999999999	-0.5794319342906193	-0.5794319342906193
2b7f6b6d-39fd-4bbe-ab37-d0e56615dde0	Ethereum	across	USDC	37023141	2.67011	0.0	2.67011	44	False	Stable/Up	87.0	-0.6229469625965377	-0.24456598493438425
db2e54c6-004a-478d-9797-5ebb9248470a	Ethereum	iron-bank	ibEUR	35755304	0.7285	0.0	0.7285	56	False	Stable/Up	78.0	-0.9979568358700515	-0.9984549590653472
c256de58-4176-49f9-99af-f48226573bb5	Ethereum	euler	DAI	33290338	0.04867	0.0	0.04867	92	False	Stable/Up	92.0	0.09845845600975889	0.46161950941879204
e2801384-09af-4834-8205-d877997b5bb3	Avalanche	platypus-finance	USDC	32937693	0.0	0.0	0.0	20	False	Unknown	0.0	-0.09675203008372138	-0.09675203008372138
7b933d04-c0a1-4463-958b-dd85e9434d4f	Ethereum	notional	nDAI	31741695	-0.29524	4.87308	4.57784	26	False	Stable/Up	62.0	0.6378275392711353	0.6378275392711353
89eba1e5-1b1b-47b6-958b-38138a04c244	Binance	venus	USDC	29989298	1.59674	0.69706	2.2938	64	False	Stable/Up	59.0	-0.8690263300638059	-0.5911335069436655
d4d33e20-0192-454d-b6be-f96f32a58883	Moonriver	moonwell-apollo	USDC	27739985	2.24832	1.27243	3.52075	27	False	Stable/Up	67.0	-0.5734161090164305	-0.5734161090164305
78d5fe6a-1ed3-4d16-a253-253a871c78e5	Ethereum	aave-v2	TUSD	26842726	0.76206	0.0	0.76206	209	False	Stable/Up	88.0	-0.8441053322720272	-0.9486337865770833
1a4e4b4e-d839-4d72-a1a1-b6e0d8c3cb61	Ethereum	compound	cTUSD	26573604	0.27426	0.0	0.27426	209	False	Stable/Up	93.0	0.951836644958848	-0.7267818788116102
a2e7bb87-b339-44d9-91d7-87a04552afe9	Binance	stargate	S*USDT	25583717	0.0	5.64344	5.64344	7	False	Stable/Up	56.00000000000001	-0.8818100356195959	-0.8818100356195959
3e17f128-d959-4acd-8622-a8f6b57e868d	Polygon	aave-v2	DAI	25025014	0.46556	0.0	0.46556	209	False	Down	51.0	0.44462506818921294	-0.745536992799798
37b04faa-95bb-4ccb-9c4e-c70fa167342b	Polygon	aave-v3	USDC	23020508	0.44576	0.0	0.44576	31	False	Stable/Up	69.0	-0.9466816054869749	-0.9436799908450098
ff8982a3-6fd8-4bd4-a997-8b523f4d4d37	Binance	alpaca-finance	USDC	22649643	2.50905	0.0	2.50905	119	False	Stable/Up	78.0	-0.5279831273978	-0.9950658772127611
e6692d08-85b6-4b50-952b-7c5c531862fe	Avalanche	aave-v3	USDt	22233745	4.22146	0.12467	4.34613	31	False	Down	71.0	-0.3316963607686439	-0.32770637699421923
fd700196-ace0-4adc-8c91-6da04acb4ec3	Ethereum	aave-v2	BUSD	22140954	0.25993	0.0	0.25993	209	False	Stable/Up	91.0	-0.3594277720335781	-0.9598735681724112
36c514c5-9ff0-49a0-ba30-7351df1bf9d2	Ethereum	angle	3EURLP	21773178	6.74941	0.0	6.74941	104	False	Stable/Up	73.0	0.18821159575852414	0.4753013601634278
fe7bd728-9e1d-450a-8960-280712c8c7a2	Avalanche	benqi-lending	DAI.e	21752690	3.11306	0.72321	3.83626	29	False	Down	54.0	0.5723906265013189	0.5723906265013189
128652d5-ce75-48d4-a1c9-e4f3e3e61164	Ethereum	notional	fUSDC	21293163	2.68023	0.0	2.68023	26	False	Stable/Up	72.0	-0.4429590217536493	-0.4429590217536493
96c6bf4d-4e3b-4459-9854-e5337318835f	Avalanche	platypus-finance	USDC.e	21187952	0.0	0.0	0.0	20	False	Unknown	0.0	-0.7110929401981265	-0.7110929401981265
32fad564-35de-407e-a660-159b43bd95a1	Avalanche	aave-v2	USDC.e	20865103	0.47921	0.0	0.47921	209	False	Stable/Up	83.0	0.5221502977300041	-0.9810877807698898
162cf353-80ef-407e-b7dc-eb8fa1df8860	Avalanche	vector-finance	USDCe	19878707	1.13072	0.0	1.13072	94	False	Stable/Up	65.0	-0.799794493401976	-0.9149525234282222
0d5dbcad-0a53-4d67-bef0-3e11926498f5	Avalanche	yeti-finance	aUSDC	19833258	1.5646	0.0	1.5646	23	False	Stable/Up	76.0	0.13485799738755033	0.13485799738755033
c93e1851-34af-457c-97e4-c28e2be2e9a2	Binance	alpaca-finance	ibUSDC	19369701	0.29663	0.0	0.29663	119	False	Stable/Up	81.0	-0.7971834115426556	-0.8349549356425824
d3b5e811-c8cc-43be-9299-d57db4636ee8	Ethereum	sherlock	USDC	19210405	9.72569	0.0	9.72569	125	False	Down	91.0	-0.18648563345611005	-0.4121980687497166
8de9d66e-25ce-4ad3-a9bb-8ce7dfc3bc38	Ethereum	notional	fDAI	18965757	2.6179	0.0	2.6179	26	False	Stable/Up	66.28571428571428	-0.09643984236605271	-0.09643984236605271
5f503a0a-61da-4488-a234-45834cf8c61c	Ethereum	aave-v2	FRAX	18479548	1.46404	0.0	1.46404	209	False	Stable/Up	89.0	-0.667087102449096	-0.6552887745688658
135104bd-27ef-4f94-8fb2-335f85436d12	Ethereum	yearn-finance	yvUSDC	17870044	5.74495	0.0	5.74495	124	False	Down	70.0	-0.25312147709224364	-0.5531701941990878
020242d9-1814-4805-ba0f-b6327df4ebd0	Ethereum	notional	fDAI	17547219	3.52141	0.0	3.52141	26	False	Stable/Up	75.0	-0.04769549356569658	-0.04769549356569658
c9141eef-4459-4ce7-9441-b19ea2e4a449	Ethereum	maple	USDC	17107836	5.41	2.5	7.91	27	False	Stable/Up	71.0	-0.966219198204727	-0.966219198204727
bde08c85-41c5-4d80-9bb1-0835a4352efa	Optimism	aave-v3	USDT	16612906	2.74344	2.09625	4.83969	31	False	Stable/Up	62.0	0.06567565973322553	-0.09420466649288882
96f57790-f91c-4819-90d8-bb2ad3185a18	Ethereum	yearn-finance	yvUSDT	16154801	0.1958	0.0	0.1958	209	False	Stable/Up	99.0	0.8559423936224041	-0.7882333409868855
546c918d-e16f-485a-b1aa-0eddb3f7c3b8	Polygon	stargate	S*USDT	16091294	0.0	7.43518	7.43518	7	False	Down	56.99999999999999	-0.8133934060743939	-0.8133934060743939
f9078344-b5de-4dcc-a023-91aba770438e	Avalanche	vector-finance	USDC	15943822	1.76994	0.0	1.76994	94	False	Stable/Up	77.0	-0.7381705825183065	-0.8424747582355007
b37ada6d-8462-4550-abcc-1782fc39c089	Ethereum	notional	fUSDC	15824406	2.38499	0.0	2.38499	26	False	Stable/Up	69.0	-0.9388383835801662	-0.9388383835801662
22fd40d6-46a8-4933-9b55-dcc22275a682	Avalanche	yeti-finance	YUSD	15425745	2.70967	0.0	2.70967	8	False	Stable/Up	70.0	-0.6507288516502066	-0.6507288516502066
7368c365-8280-4f4c-99dd-d7a989b31176	Ethereum	idle-finance	DAI	15047380	1.39669	0.0	1.39669	94	False	Stable/Up	93.0	-0.2837427028123084	-0.29392470201180443
d5e3d09c-f681-46cb-932c-8d6fe1ff1487	Avalanche	benqi-lending	USDt	14371383	2.5334	1.27078	3.80417	29	False	Down	52.0	-0.6343819292959811	-0.6343819292959811
9a8de2db-d9bb-4bb0-874d-0198dd940cd0	Ethereum	angle	USDC	14116463	4.77311	0.0	4.77311	104	False	Down	70.0	-0.04163739639893127	-0.22681018493897107
0d2886f3-b838-4dc9-a29a-e11ccc204dc3	Avalanche	aave-v2	DAI.e	14015894	0.4248	0.0	0.4248	209	False	Stable/Up	52.0	0.9522424508358954	-0.9814729030744764
2c58c3ce-d731-449e-b934-b2c446119085	Solana	francium	USDC	13748389	2.23117	0.0	2.23117	12	False	Stable/Up	76.0	-0.9568298395542562	-0.9568298395542562
371fd37f-e0a1-489d-bfea-329c7fbab0e3	Ethereum	tokemak	FRAX	13486032	0.0	5.98307	5.98307	24	False	Stable/Up	55.00000000000001	-0.6701607783183687	-0.6701607783183687
b2aeef3e-e706-4d17-a00c-9d2d8085492e	Polygon	stargate	S*USDC	13169772	0.0	2.61481	2.61481	7	False	Stable/Up	59.0	-0.9309090252773815	-0.9309090252773815
453918cb-c982-4bcb-be51-5bc0065fe2e0	Fantom	geist-finance	gUSDC	12688292	0.84186	0.0	0.84186	206	False	Stable/Up	90.0	0.3680443111270012	-0.21458619177342872
5d84ca8b-8c55-4a8a-816e-5f3fe0357bc5	Polygon	aave-v2	USDT	12632903	0.76377	0.0	0.76377	209	False	Stable/Up	72.0	-0.39362969300244355	-0.9885096792983049
f17b12f8-487e-4f1c-afa4-1e6fc0f47979	Fantom	stargate	S*USDC	12107115	0.0	6.23135	6.23135	7	False	Down	56.99999999999999	-0.8043362250152185	-0.8043362250152185
3c8c3734-d1c8-4226-993a-c19775bfa6da	Arbitrum	stargate	S*USDT	11749281	0.0	6.12664	6.12664	7	False	Down	67.0	-0.9774007388959143	-0.9774007388959143
527abdc2-bffe-4114-be35-9e45bbe57618	Ethereum	idle-finance	USDC	11562419	0.94833	0.0	0.94833	94	False	Stable/Up	95.0	0.09186164513450418	0.1750039327570018
7aab7b0f-01c1-4467-bc0d-77826d870f19	Arbitrum	aave-v3	USDC	10839596	0.52627	0.0	0.52627	31	False	Stable/Up	54.0	-0.8796788801002634	-0.8857909748421543
926767b8-86be-4f19-938b-f91f1b74ca89	Ethereum	yearn-finance	yvUSDT	10181533	0.57703	0.0	0.57703	42	False	Down	56.99999999999999	-0.18714806781446203	-0.8572627379397177
036fb8a3-c869-43c4-8630-1d5e87ad04be	Avalanche	aave-v2	USDT.e	9765217	0.62946	0.0	0.62946	209	False	Stable/Up	73.0	0.21641210779463382	-0.5388418618884732
ca6ed758-967b-46ec-9e88-8fe50d7cc188	Ethereum	truefi	USDC	9753420	7.06045	3.62086	10.68131	26	True	Down	69.0	-0.6287831798194037	-0.6287831798194037
294c3e70-3242-4a7e-bf28-57beea83c3e3	Avalanche	platypus-finance	YUSD	9652680	0.0	4.18363	4.18363	20	False	Stable/Up	57.99999999999999	0.8803661662262592	0.8803661662262592
f4228e9e-f742-4175-9db7-b1bc6d1f650f	Binance	venus	TUSD	9097714	0.65523	0.26908	0.92431	64	False	Stable/Up	74.0	-0.6746464296415916	0.24322399543435366
4a55d67d-adca-4d09-895e-35cae886ca22	Optimism	stargate	S*USDC	9095409	0.0	4.55428	4.55428	7	False	Stable/Up	64.0	-0.8349606525042542	-0.8349606525042542
a1432ae7-e676-4495-b9fe-4efadd1ee7f0	Avalanche	yeti-finance	aUSDT	9028306	3.75226	0.0	3.75226	23	False	Down	51.0	0.0469016410234366	0.0469016410234366
20eaeed7-6d55-401f-b21c-a3252cfd8350	0	0	0	0	0.0	0.0	0.0	0	0	0	0.0	0.0	0.0
0489769b-2b44-4b67-9ea6-363ef53d247c	Avalanche	yeti-finance	qiUSDCn	8927216	1.96274	0.0	1.96274	23	False	Stable/Up	56.99999999999999	0.9234232980536305	0.9234232980536305
7a189281-7d30-4b7c-8551-ed5f8d227fc2	Binance	alpaca-finance	TUSD	8780231	0.273	0.0	0.273	119	False	Down	51.0	0.5993706253765513	0.18069453513472422
7a848595-56af-4891-9f8f-78cad9fbcb57	Binance	alpaca-finance	ibTUSD	8780034	0.19622	0.0	0.19622	119	False	Stable/Up	52.0	0.32383711231947043	0.26312931418774077
7ec9f4ba-803c-4935-97e2-342aa75b4ff4	Solana	solend	USDT	8768294	4.14593	0.0	4.14593	118	True	Down	51.0	-0.12501819926356286	-0.9766722044314574
e3b9a9ac-f428-4f82-8f81-e09d822fe87a	Ethereum	maple	USDC	8614206	8.36	0.0	8.36	28	False	Stable/Up	62.0	-0.9242091975693274	-0.9242091975693274
83fa7270-af7d-43ed-872d-055a2405bef7	Ethereum	angle	FRAX	7961052	6.80123	0.0	6.80123	104	False	Stable/Up	52.0	-0.5918257412503893	0.13698497572899865
61f8ea49-8293-49f4-a959-84b0ef8872b5	Ethereum	idle-finance	USDT	7948653	2.13909	0.0	2.13909	94	False	Stable/Up	57.99999999999999	-0.0414674489335592	0.42245830543179447
29205256-e428-43ed-922d-89b7b77508d4	Ethereum	notional	fDAI	7851001	4.81821	0.0	4.81821	26	False	Stable/Up	60.0	-0.9971992052253732	-0.9971992052253732
6303c3d4-4b56-49ff-9be0-83d4bcdd2574	Ethereum	morpho	USDT	7842386	2.77445	0.0	2.77445	6	False	Stable/Up	56.00000000000001	0.477744963007442	0.477744963007442
fcac5295-d56b-4707-9355-5e15c55c471d	Solana	francium	USDT	7443602	2.84959	0.0	2.84959	12	False	Stable/Up	53.0	-0.9933709829216991	-0.9933709829216991
ee95b2fb-8f07-4bf6-980f-812d7d5e2470	Avalanche	platypus-finance	USDC	7269784	0.0	4.2065	4.2065	20	False	Stable/Up	56.00000000000001	-0.2965334229357515	-0.2965334229357515
6e6f53b6-6669-4037-948c-f42e5b0a243e	Ethereum	harvest-finance	USDC	7093582	1.3	0.0	1.3	116	False	Stable/Up	82.0	0.5867832268860238	0.4623390621737419
3e42432d-2e34-4b92-85f4-3c59bdc0f95d	Ethereum	tokemak	USDC	7037149	0.0	6.70333	6.70333	24	False	Stable/Up	60.0	0.016621057961070267	0.016621057961070267
c2114fbd-b853-48a3-92fc-a87deb842c90	Waves	vires-finance	USDN	7001569	13.51434	0.11305	13.62739	59	False	Down	57.99999999999999	-0.8934211349665561	-0.9980700064643453
1ed3212f-de45-46d4-8d01-5e447224acdd	Ethereum	stakedao	FRAX	6742608	3.23456	5.55987	8.79443	23	False	Stable/Up	64.0	0.11170206457701275	0.11170206457701275
5b5e2f5e-c83c-491a-a9bc-ac533d2f56e6	Binance	dot-dot-finance	valdaiEPS	6220568	0.0	6.91825	6.91825	40	False	Down	50.0	0.13889118587144753	0.055876325629700165
d16af56d-43d2-4e5c-ae1a-a5fe91b1a01e	Avalanche	cbridge	USDC	5833517	3.00308	0.0	3.00308	128	False	Stable/Up	77.0	-0.5225169210501283	-0.15080963744672854
5f2ad06d-5e9f-43a0-9ed4-5bfc3933bab3	Ethereum	harvest-finance	DAI	5660979	1.81	0.0	1.81	116	False	Stable/Up	68.0	0.6896378054542828	0.6399394995286976
56f73b37-a568-4058-a975-e2d1b8844870	Moonriver	moonwell-apollo	FRAX	5491465	4.38897	2.36856	6.75753	27	False	Stable/Up	69.0	-0.7955993443147171	-0.7955993443147171
0a42d5c4-e03f-4777-b414-c07f6cdb146e	Polygon	meshswap	USDC	5431167	1.37186	1.17094	2.5428	40	False	Stable/Up	80.0	0.08107875835212319	0.012658147091893085
427126ed-c960-41ef-bd83-06d38effd889	Ethereum	bancor-v3	DAI	5371707	0.2792	0.0	0.2792	12	False	Stable/Up	61.0	0.12558393687594052	0.12558393687594052
46cd8b53-3d41-4b9f-85f7-77f42f317445	Avalanche	benqi-lending	USDT.e	5071871	4.07504	0.0	4.07504	29	False	Stable/Up	56.00000000000001	-0.9521903566609768	-0.9521903566609768
fa85009a-7e3a-48ce-8a88-ede16f9ecbd6	Fantom	geist-finance	gfUSDT	5046024	1.84569	0.0	1.84569	209	False	Stable/Up	66.0	-0.013757454649167724	-0.7344087603293914
ca6abcf4-a2f0-4b60-aeef-00c4295e5e9b	Optimism	iron-bank	USDC	5045599	0.8921	0.0	0.8921	30	False	Down	50.0	0.6729084602823071	0.6729084602823071
497a83bf-e758-4231-a011-6c6a805366e8	Avalanche	vector-finance	USDT	5024750	4.15852	0.0	4.15852	94	False	Stable/Up	59.0	-0.38757228799080706	0.35785418973866145
75fdf968-4a4a-410f-a36d-25546c55e02c	Avalanche	cbridge	USDT	4971500	2.88104	0.0	2.88104	128	False	Stable/Up	91.0	-0.6435537216409695	0.1954245949115655
0132e23f-c23c-48b1-9fae-3ab0830eb14d	Solana	hedge	USH	4922737	0.0	16.77058	16.77058	46	False	Stable/Up	65.0	-0.8363997881606209	-0.9245118010197289
381eb971-56f8-468f-b2b6-ea922c477dca	Avalanche	benqi-lending	USDC.e	4767992	2.30331	0.0	2.30331	29	False	Stable/Up	56.00000000000001	-0.9676658901724402	-0.9676658901724402
35f7f892-2147-455d-a492-b67bfd850b9f	Avalanche	yield-yak	USDT	4714723	5.67	0.0	5.67	38	False	Stable/Up	54.0	-0.01990686445246983	-0.5155296287519362
d5a5bef6-f4db-47ef-bc26-af1868b78fe3	Avalanche	vector-finance	YUSD	4695366	8.43268	0.0	8.43268	94	False	Stable/Up	53.0	0.07664789453009457	-0.08190991996032271
2573bfd8-1f72-4911-9c8b-881acbb32f56	Aurora	aurigami	USDC	4567916	3.3738	1.97668	5.35047	45	False	Stable/Up	60.0	0.6776007977116713	0.13892555250613545
401d1001-bed2-4d63-a846-62f5eda79d79	Ethereum	sturdy	USDC	4486028	5.66628	0.0	5.66628	94	False	Stable/Up	62.0	-0.1683821851166162	-0.42568103297426174
6fd0b20b-6f66-467c-ac21-06eaf4aa815e	Ethereum	angle	DAI	4121637	4.86076	0.0	4.86076	104	False	Stable/Up	62.0	-0.4280872551257886	-0.7452948604810918
6e3a3588-1b15-4089-b81c-e4cc194b5279	Ethereum	cbridge	USDC	4015024	8.6381	0.0	8.6381	128	True	Down	61.0	-0.21084731778162372	-0.5132321715259797
ce137d04-e570-40d0-95fd-76afe950c73f	Ethereum	notional	fUSDC	3784123	3.61742	0.0	3.61742	26	False	Stable/Up	69.0	-0.8905277530203114	-0.8905277530203114
782bd4f8-6b62-408e-a831-3fcfacba1d05	Optimism	iron-bank	DAI	3773343	2.3171	0.0	2.3171	30	False	Down	51.0	0.48831684182481033	0.48831684182481033
4650fcdf-3118-4b7e-a184-352e156c9cb8	Solana	solend	USDC	3750027	3.78456	0.0	3.78456	118	False	Stable/Up	67.0	-0.5016035825116997	-0.9835520302360627
4461723e-9904-460a-86ae-b9b106e2f3a5	0	0	0	0	0.0	0.0	0.0	0	0	0	0.0	0.0	0.0
419f405e-4722-4a02-a7f4-4c5e1bef05a8	Fantom	scream	USDC	3416444	1.64418	0.0	1.64418	64	False	Stable/Up	79.0	-0.25744330527609444	0.48894758916703257
bce3c641-0757-43ac-bcdc-c737a8427575	Binance	bolide	USDT	3397099	8.7718	0.0	8.7718	28	False	Stable/Up	65.0	-0.5157087230302939	-0.5157087230302939
20316d14-69dd-4247-b741-ea28cc511457	Polygon	cbridge	USDC	3338127	5.78122	0.0	5.78122	128	False	Stable/Up	77.0	-0.555075522675815	0.09147420117032302
99508ce4-ed56-44f6-9253-0a88240ddd23	Avalanche	vector-finance	USDTe	3308146	4.23059	0.0	4.23059	94	False	Down	51.0	0.12645184623110672	0.5589847091261184
f7aebae7-3738-47dc-bdd8-ac341b3ec66e	Avalanche	yield-yak	USDC	3230464	2.14	0.0	2.14	38	False	Stable/Up	70.0	0.6167554668322137	0.6392285804183473
d07783c3-bd68-4e38-927f-762fcb349dfc	Ethereum	vesper	vaDAI	3197116	4.21	0.46	4.67	119	False	Stable/Up	56.00000000000001	-0.09808309536967923	-0.9600148574375338
a410b24d-eba2-48bc-91bf-f7ac608b5ce5	0	0	0	0	0.0	0.0	0.0	0	0	0	0.0	0.0	0.0
d4019537-521c-4f63-85f7-bd5cea38c113	Ethereum	harvest-finance	USDT	3098330	2.72	0.0	2.72	116	False	Down	57.99999999999999	0.19981985634157962	-0.5249162551320189
305252ff-7e0e-454b-b307-4b3521ac7e0f	Avalanche	robo-vault	USDC	3086021	11.98524	0.0	11.98524	68	False	Down	82.0	0.12721902919966435	-0.16801459318721315
64bb6a50-3ace-4c90-960a-7e1e828e944f	Ethereum	truefi	USDT	3020260	8.52327	1.88588	10.40915	26	True	Down	57.99999999999999	-0.24244905705049993	-0.24244905705049993
a3df9844-8122-4da8-b157-90bfb2a900e2	Fantom	scream	DAI	3007016	1.65948	0.0	1.65948	64	False	Stable/Up	69.0	-0.06393804607746358	-0.4127789144055953
fb9d232e-2fe6-401a-8b9d-afb9e7e8771a	Moonriver	moonwell-apollo	USDT	2988387	3.80992	2.72473	6.53466	27	False	Down	62.0	-0.4319266172126077	-0.4319266172126077
2015c855-a10b-4baa-b768-1f4c7171d44b	Polygon	cbridge	USDT	2891762	5.09009	0.0	5.09009	128	False	Stable/Up	77.0	-0.39089204667664784	-0.7783651815152443
113e85e5-4486-40b8-ba64-2885342ef655	0	0	0	0	0.0	0.0	0.0	0	0	0	0.0	0.0	0.0
fa740a7c-430b-4521-8890-22b22e601be6	Optimism	aave-v3	sUSD	2847754	3.81442	1.07599	4.89041	31	False	Stable/Up	74.0	-0.5063469501278869	-0.5109085294789407
7e183172-47e3-41cb-9fc3-88e1d4a701e1	Polygon	meshswap	USDT	2781078	0.94399	2.28673	3.23072	40	False	Stable/Up	77.0	0.6678030799433987	0.5043419608571705
f4abc541-5a57-49f9-8e5d-d6c3f985d247	Ethereum	bancor-v3	USDC	2761268	0.37691	0.0	0.37691	12	False	Stable/Up	85.0	-0.22782662325808137	-0.22782662325808137
f9dd23c2-7fe7-46d5-bdbd-4c66b86277b7	Ethereum	vesper	vaFRAX	2691803	2.28	0.42	2.7	119	False	Stable/Up	62.0	0.4441815700885587	-0.3993067964686437
75e1aeab-f0f9-4b1c-a57d-854ceb847d5c	Optimism	cbridge	USDT	2688417	6.13374	0.0	6.13374	128	False	Stable/Up	65.0	-0.49438564857857686	-0.8001074157919815
53406189-a08c-4654-8588-2eb4e83a44c9	Ethereum	truefi	TUSD	2647757	0.0	9.11637	9.11637	26	False	Down	65.0	0.7770217372844697	0.7770217372844697
805a643e-5017-4c84-83b0-141411a25090	Binance	apeswap-lending	BUSD	2626402	2.55739	0.84572	3.40311	24	False	Stable/Up	77.0	-0.9015632070517516	-0.9015632070517516
8af3afa9-6ef8-4c31-b3dd-cc823c7d3539	Binance	cbridge	USDC	2619011	9.07023	0.0	9.07023	128	False	Stable/Up	62.0	-0.4755432807268438	-0.5282214382334203
2e367a8b-d210-4f9e-8aa9-9a404c6b2cb2	Arbitrum	cbridge	USDC	2574384	7.03276	0.0	7.03276	128	False	Stable/Up	60.0	-0.34527983058679385	0.08188005939330636
2250e342-b781-4b5a-a8d5-16628bab1d2f	Ethereum	aave-v2	SUSD	2572603	0.9707	0.0	0.9707	209	False	Stable/Up	69.0	-0.3829396225490743	-0.6708679255872129
73ea801b-7943-45b6-8bb5-5c10c5cd92ee	Fantom	tarot	USDC	2467620	15.83484	0.0	15.83484	6	False	Down	76.0	-0.8821161135232958	-0.8821161135232958
78f06d92-2901-4a84-9427-a56971824e18	Optimism	cbridge	USDC	2445740	6.88736	0.0	6.88736	128	False	Stable/Up	73.0	-0.48724518113014326	0.5362764387693576
b60766f1-8002-446d-9994-325a74aa21c0	Fantom	the-granary	USDC	2445177	1.10756	0.0	1.10756	17	False	Stable/Up	66.0	-0.9511893517849831	-0.9511893517849831
9d114ae5-34df-4fa8-bdc0-62cca61f51a9	Arbitrum	hop-protocol	USDC	2350489	3.20252	0.0	3.20252	38	False	Stable/Up	83.0	0.2822547156736478	0.26948678924801645
7f81b151-a769-45d3-ae54-ef378633f035	Binance	venus	DAI	2344490	2.14012	0.82587	2.96599	64	False	Stable/Up	56.00000000000001	-0.9632429380946982	-0.9513575499587943
86892379-36f9-4d3d-9b8f-c12c6a2ed1af	Aurora	aurigami	USDT	2344163	0.44735	4.80866	5.25601	45	False	Stable/Up	93.0	-0.15693376246786578	0.3077249468601696
d7dc445f-d664-4a1b-a364-93efc6b4fb73	Binance	wing-finance	USDC	2330674	5.55752	5.40672	10.96425	8	False	Stable/Up	55.00000000000001	-0.7312359281808755	-0.7312359281808755
5d42d0b7-1bd1-445e-be50-1695b58a0041	Ontology	wing-finance	USDT	2317837	5.45419	5.65628	11.11047	8	False	Down	64.0	0.5076952079672948	0.5076952079672948
70fee41a-41ed-472c-8325-7c331d2095f3	Fantom	cbridge	USDC	2315229	3.81228	0.0	3.81228	128	False	Stable/Up	76.0	-0.5245330961584974	0.3984759017020219
f0e3b81b-f480-4513-9c1d-e1bcb091b85b	Avalanche	iron-bank	USDC.e	2305261	3.7032	0.0	3.7032	56	False	Stable/Up	54.0	-0.8558318170611322	-0.9458228903117087
2ca75718-36fd-40b1-9006-4281458bb932	Gnosis	realt	WXDAI	2294156	3.71402	0.0	3.71402	55	False	Down	50.0	0.5646115865444529	-0.7169603086988312
108965cc-25b7-4726-a458-d18236547bef	Polygon	meshswap	DAI	2202906	0.05338	2.8869	2.94029	40	False	Stable/Up	87.0	-0.6598743232517428	-0.22822894615600692
fee0b535-17ab-4600-a833-674f590c9ac8	Avalanche	platypus-finance	USDC	2202122	0.0	6.75972	6.75972	20	False	Stable/Up	61.0	-0.9189425458829105	-0.9189425458829105
c57bdc97-3100-41ff-845f-075363f6f5a4	Polygon	aave-v3	DAI	2184404	0.87133	0.0	0.87133	31	False	Stable/Up	80.0	-0.7870858091331895	-0.785968892805478
a05baedc-f94d-4839-be31-c2d744df0846	Fantom	alpaca-finance	USDC	2003581	2.8424	0.0	2.8424	119	False	Stable/Up	64.0	0.2543564745713136	0.23614470375241414
574afb49-8760-4f1d-8b6b-acaeeea72899	Ethereum	iron-bank	USDC	1994558	4.8528	0.0	4.8528	56	False	Down	63.0	-0.9083214103149337	-0.9579384791934887
612b98ca-720f-4b22-93f7-e3f7f0d27596	Binance	dforce	BUSD	1960945	2.86714	0.0	2.86714	64	False	Stable/Up	72.0	-0.29945044886850714	-0.652766208356968
abbc607d-6b0e-47a4-b1cd-ba2512f41200	Fantom	cbridge	USDT	1959941	4.36741	0.0	4.36741	128	False	Stable/Up	66.0	-0.5554065697746775	0.5546861231200001
a86dab8a-c83a-4597-bd06-f43142580246	Polygon	toros	dUSD	1926462	8.19407	0.0	8.19407	55	False	Down	56.00000000000001	-0.6982154372430187	0.9074346816553287
9f8aa2e0-50d9-44a5-ab0c-437ced0153b4	Binance	wing-finance	USDT	1892569	5.30936	5.38062	10.68998	8	False	Stable/Up	60.0	0.2162564992748733	0.2162564992748733
1a19afea-0bb7-44f2-a0d5-0da651d8a189	Ethereum	yearn-finance	yvDAI	1881579	1.12311	0.0	1.12311	165	False	Stable/Up	87.0	-0.1068937098647758	-0.8343209217971431
bab81778-7b95-42e3-b332-ab3f4a5d9d21	Ethereum	cbridge	USDT	1875517	14.69987	0.0	14.69987	128	False	Down	82.0	-0.3750192354760462	-0.7756851264512546
11979961-012e-4fcb-a934-eb6241f0c1d1	Avalanche	yield-yak	USDT	1797597	9.83	0.0	9.83	38	False	Down	86.0	0.5426944994659237	0.5621397987920289
94ee3a4e-8d8a-452e-9dc8-19bcaa867870	Arbitrum	cbridge	USDT	1702801	8.47758	0.0	8.47758	128	False	Stable/Up	70.0	-0.1868448081767681	-0.28775096538856487
0e2453a2-7d9d-45d9-bf6c-759a94f65b6c	Ethereum	tokemak	SUSHI	1699364	0.0	1.81237	1.81237	24	False	Stable/Up	89.0	0.6920433390555204	0.6920433390555204
741ad99a-80e7-4c26-bd54-40806c293a74	Ethereum	angle	EuropoolLP	1649477	23.86266	0.0	23.86266	16	True	Down	79.0	-0.143006536441169	-0.143006536441169
a1f5df9c-c251-44a7-aab5-d08639bef45e	Binance	beefy	valdai3eps	1556125	10.60787	0.0	10.60787	44	False	Down	56.99999999999999	0.49015103973275975	0.5991635821958284
7e7821a2-3d20-4ae7-9c3d-04cd57904555	Polygon	aave-v3	USDT	1501454	2.17195	0.0	2.17195	31	False	Stable/Up	70.0	-0.10924272184901496	-0.13066600702333303
3a6cc030-738d-4e19-8a40-e63e9c4d5a6f	Arbitrum	aave-v3	USDT	1491571	0.66596	0.0	0.66596	31	False	Stable/Up	72.0	-0.9610994065879572	-0.9589458175320023
278bcae7-1106-442e-bbf5-2f6c761bb79f	Avalanche	yeti-finance	qiDAI	1483403	3.12723	0.0	3.12723	23	False	Stable/Up	66.0	-0.4552387825459487	-0.4552387825459487
f818c68b-c893-4e10-9c8e-f78a6afce58a	Binance	dforce	USDT	1482219	3.00769	0.0	3.00769	64	False	Stable/Up	74.0	0.031610198844927814	-0.048309098595194624
fe912a8d-dbe4-483f-8546-495377fde351	Binance	dforce	USDC	1480358	2.78318	0.0	2.78318	64	False	Stable/Up	71.0	-0.460106609985645	0.5634425494405744
a8474760-4e32-4f0e-89cb-2851c7b5efa8	Solana	solend	USDC	1460671	2e-05	0.0	2e-05	118	False	Stable/Up	65.0	-0.6137030256993318	0.8583947632811999
b4c86cc2-03e3-4645-8ede-d469076840f6	Ethereum	instadapp	USDC	1400672	1.9096	0.0	1.9096	60	False	Stable/Up	79.0	0.4260942147211154	0.6791275815061927
2ea21b97-d104-4ded-a671-76d46d0f6ea4	Karura	taiga-protocol	3USD	1398680	1.39396	15.67641	17.07037	51	False	Stable/Up	54.0	-0.2405066148321479	0.26197319235584965
6b8e9595-83e5-45df-97d9-9ef5ed8ac02e	Ethereum	sturdy	USDT	1371261	5.66628	0.0	5.66628	94	False	Stable/Up	78.0	0.10858754496002848	-0.6184670279089739
eec9a73b-2d6a-4171-bad8-6c28efa09778	Binance	apeswap-lending	USDC	1358212	2.87734	0.51939	3.39673	24	False	Stable/Up	67.0	-0.8494772800456055	-0.8494772800456055
751b6302-ad4f-4a19-95db-988b945d46bd	Aurora	cbridge	USDC	1334759	4.45439	0.0	4.45439	128	False	Stable/Up	89.0	-0.5389313198179246	0.372748981534482
92f4414e-4dac-489e-a20c-7be295729081	Ethereum	stakedao	USDC	1330711	1.49073	7.09091	8.58164	23	False	Down	52.0	0.4774986066462213	0.4774986066462213
33b505e2-19a3-45c0-829d-cdbd91883351	Avalanche	trader-joe	USDT.e	1317654	3.3786	0.0	3.3786	28	False	Stable/Up	71.0	-0.06759669400778305	-0.06759669400778305
21ee2bce-d9d6-408b-b38c-8579b69ef269	Binance	cbridge	USDT	1244716	12.20153	0.0	12.20153	128	False	Down	53.0	-0.3907121677847808	-0.6951708559438212
281a1c72-f9d0-4bcf-a766-3ed32eb17b2d	Gnosis	hop-protocol	USDC	1244468	0.56647	7.70445	8.27092	38	False	Stable/Up	69.0	-0.4305130582878969	-0.9365835290629853
331532b8-d184-4ae7-ba57-254f3435d59b	Arbitrum	dforce	USDC	1221536	4.55589	0.0	4.55589	64	False	Stable/Up	55.00000000000001	-0.5375297452873529	-0.7374682009302063
eb342dc8-8d50-4300-8e92-c8d88e026c94	Ethereum	vesper	vaUSDC	1221529	2.55	0.56	3.11	119	False	Stable/Up	61.0	-0.6272303899447557	0.8677032074654866
cb222642-8a6f-4a91-850c-dd718f294146	Ethereum	across	DAI	1199751	1.59194	0.0	1.59194	44	False	Stable/Up	95.0	0.22463725999123083	-0.2745778766736713
fdc013c0-95bc-463d-94b7-4a061d544083	Fantom	geist-finance	gMIM	1193171	8.71707	0.0	8.71707	209	False	Stable/Up	51.0	-0.01999704598198591	-0.4592977345539964
a8e3d841-2788-4647-ad54-5a36fac451b1	Arbitrum	aave-v3	DAI	1185360	0.27053	0.0	0.27053	31	False	Stable/Up	71.0	-0.87656303219519	-0.8791590332767166
ad0d5d63-4749-4789-a0d9-0212622acc55	Avalanche	yield-yak	USDC	1172767	3.0	0.0	3.0	38	False	Down	55.00000000000001	0.5300262423379853	0.8672283192990358
4754f09c-1e2b-4a46-8cc4-b1a0bd77840e	Ethereum	yearn-finance	yvLUSD	1163915	3.91858	0.0	3.91858	209	False	Stable/Up	56.00000000000001	0.5356477449955721	0.7493603294329026
ad10109d-3233-4a62-ac84-013a424e3651	Gnosis	hop-protocol	DAI	1161816	0.02577	7.89533	7.9211	38	False	Stable/Up	71.0	0.029813749203421325	-0.9587107452178373
b979c8d1-fc8b-4839-a741-ecdd9f59dbc5	Ethereum	iron-bank	DAI	1149729	0.7314	0.0	0.7314	56	False	Stable/Up	62.0	-0.4079895854537953	-0.6201581389758374
e515efd5-48ca-4e90-af27-c88b88f8252b	Ethereum	instadapp	DAI	1148661	2.56189	0.0	2.56189	60	False	Stable/Up	70.0	-0.8256689146779368	-0.40992566634598016
727da7e4-f943-4adf-b081-1cf845691f8e	Optimism	hop-protocol	USDC	1133474	9.63545	0.0	9.63545	38	False	Stable/Up	62.0	0.279242493044343	0.2261586527495291
c115fd19-b350-41f2-ac48-d3378e99c9ec	Binance	apeswap-lending	USDT	1102395	3.59015	0.0	3.59015	24	False	Stable/Up	57.99999999999999	-0.9494970867794986	-0.9494970867794986
af475de4-3311-4358-b8f5-b521c521aa71	Binance	beefy	usdd2pool	1061631	11.56121	0.0	11.56121	111	False	Stable/Up	71.0	0.5758768552089111	-0.2839368533110685
a619c0c6-125f-4b2f-b91c-350bb44386c8	Avalanche	yield-yak	USDC	1046922	3.19	0.0	3.19	38	False	Stable/Up	72.0	0.19896649025559357	0.309182169909385
ea5169ff-3adb-4301-825d-afb42d6e59e7	Ethereum	maple	USDC	1039252	0.0	0.0	0.0	27	False	Unknown	0.0	0.7020517144318307	0.7020517144318307
ca92cec6-133f-4f24-b253-8f19a6026046	Ethereum	sturdy	DAI	980977	5.66628	0.0	5.66628	94	False	Stable/Up	84.0	0.020573855923431725	-0.44749454849891723
e3d3fb5e-a442-45d4-b91d-28b8073fd2fe	Aurora	cbridge	USDT	961865	6.02654	0.0	6.02654	128	False	Stable/Up	70.0	-0.5878730975240826	-0.04832624547494505
b6e07c6c-2c6f-4345-9e22-f0e40a6f53ac	Fantom	aave-v3	USDC	878579	0.68799	0.0	0.68799	31	False	Stable/Up	71.0	-0.9021506442079849	-0.9067890624556477
6ada231a-e215-4566-b12a-b279db7b4a1c	Avalanche	beefy	usdc	860459	1.90188	0.0	1.90188	122	False	Stable/Up	70.0	-0.5936781912177956	0.8131083552623627
322de7b5-e542-4208-b375-abf48c490dda	Ethereum	stakedao	DAI	833307	0.85589	9.36683	10.22272	23	False	Down	66.0	-0.6083123797796515	-0.6083123797796515
edc71819-9a1b-4295-87b4-c0c42c249775	Arbitrum	dforce	USDT	825462	5.38542	0.0	5.38542	64	False	Down	56.99999999999999	-0.6850749352802135	-0.8988250783145584
d1f13948-7999-40aa-a9d3-75c5a6a44626	Avalanche	iron-bank	USDT.e	823224	6.0643	0.0	6.0643	56	False	Down	64.0	-0.8340921103813732	-0.8092818731466447
e95fd12f-b24b-4976-b6eb-a7d74c3341fb	Polygon	hop-protocol	USDC	823128	6.70546	0.0	6.70546	38	False	Down	88.0	-0.6687427341282877	-0.7132283022495116
72a1d041-4b13-45b0-ac95-066ec9819b3b	Cronos	tectonic	DAI	814938	1.60961	0.61321	2.22283	28	False	Stable/Up	83.0	-0.3962034233092515	-0.3962034233092515
8f1b2763-50d6-4b27-8a4c-cefb17e91794	Astar	cbridge	USDC	811428	7.20797	0.0	7.20797	128	False	Down	53.0	-0.5753360091169014	-0.6493179738425653
cd433c08-70b5-4c4a-9600-9bf27753786a	Ethereum	iron-bank	USDT	770501	2.1023	0.0	2.1023	56	False	Stable/Up	91.0	-0.4216848895892642	-0.7878147085949356
344b5cd9-55f6-4857-b2f1-25f4d284c2a3	Binance	dot-dot-finance	maieps	769438	0.00631	6.02691	6.03322	40	False	Stable/Up	60.0	0.9227282388019875	0.8094989091884605
51f44246-7dab-4a99-a693-052cd036b9ac	Fantom	iron-bank	USDC	764370	2.9571	0.0	2.9571	56	False	Stable/Up	54.0	-0.8490273871772013	-0.8350938799955998
32b85799-eaf0-40fd-a527-eb0f138c4f0c	Avalanche	platypus-finance	MONEY	764065	0.0	7.23524	7.23524	20	False	Stable/Up	70.0	-0.3408186327090179	-0.3408186327090179
7b8263c1-6633-4056-b784-9795dea04f15	Avalanche	vector-finance	DAIe	736988	7.71627	0.0	7.71627	94	False	Down	63.0	-0.10886662276316139	-0.03188662234787822
e2560584-b56b-4593-a56c-71fbfb2c160a	0	0	0	0	0.0	0.0	0.0	0	0	0	0.0	0.0	0.0
3c441183-284c-4ae7-a3b6-f5dbcf8125cd	Solana	solend	USDC	736138	1.0677	0.0	1.0677	118	False	Stable/Up	67.0	-0.9183986584023971	-0.11388549234423267
cc8777a7-01f1-4830-9a77-7efc9e1e30f2	Binance	alpaca-finance	USDT	691124	1.02383	0.0	1.02383	119	False	Stable/Up	78.0	0.5709240647370564	-0.3630474944769497
849dcce6-9dbe-49e1-8378-ceb7458a7655	Polygon	dforce	USDC	679763	4.15183	0.0	4.15183	64	False	Stable/Up	57.99999999999999	-0.38811987589790675	-0.10269345371309581
365853e8-6ed1-4212-a77b-24d48a188327	Avalanche	iron-bank	USDC	671057	3.1411	0.0	3.1411	56	False	Stable/Up	69.0	-0.49395513598528007	-0.6785906499155736
c0a9a8c2-bfd9-4f61-9cf3-ae56ddee8eab	Optimism	tarot	USDC	656781	4.52203	0.0	4.52203	6	False	Down	50.0	-0.5131631428858076	-0.5131631428858076
96dd4deb-5832-4343-a151-4ad9c2f8600f	Gnosis	hop-protocol	USDT	653738	0.01159	11.31509	11.32668	38	False	Down	87.0	-0.6387535284628325	-0.6863692802076916
5257dd93-149b-403a-867f-a961c71fb812	Avalanche	trader-joe	USDC	644113	1.87465	0.0	1.87465	28	False	Stable/Up	82.0	-0.835840989068541	-0.835840989068541
6cb2d616-f677-4acf-bbb1-478586214b99	Fantom	sturdy	USDC	642853	0.77232	0.0	0.77232	119	False	Stable/Up	87.0	0.3593096731860533	0.684358515205761
f6f2ae4b-5cfd-4249-84db-91a31d0614ba	Optimism	dforce	USDT	627661	4.09185	0.0	4.09185	64	False	Stable/Up	75.0	-0.7573895721039198	-0.3917802792205155
08c8b6ba-ce60-4154-aaf7-c6c96099ae2d	Solana	solend	USDC	625481	0.06916	0.0	0.06916	118	False	Stable/Up	85.0	-0.8270735900626366	-0.9853890916208347
bb235788-a360-4e29-ab59-e33e884b0050	Optimism	hop-protocol	DAI	620307	0.71881	0.0	0.71881	38	False	Stable/Up	74.0	0.010827923989459181	0.24698874683865094
c665f064-7585-4f32-a98a-8a2dbca0c6bc	Polygon	beefy	2eurt	619676	5.89687	0.0	5.89687	42	False	Down	56.99999999999999	-0.10275598590358426	-0.17661085000941265
c4da0dbb-7120-4475-ad59-fd1811428dbd	0	0	0	0	0.0	0.0	0.0	0	0	0	0.0	0.0	0.0
c3c980ba-11a0-4e4e-93e1-69957364c3c4	Polygon	tetu	DAI	585083	0.0	4.19462	4.19462	26	False	Down	54.0	-0.014317619076871898	-0.014317619076871898
905730f7-04b6-4deb-8e59-707d3d457f6b	Celo	moola-market	cUSD	582898	11.819	0.0	11.819	53	False	Down	67.0	-0.9137328968769974	-0.9189364118495119
ae4bdf7a-92a9-4a1b-859a-6811578866fc	0	0	0	0	0.0	0.0	0.0	0	0	0	0.0	0.0	0.0
51752c3a-a277-4c54-b07f-5023bc476b71	Ethereum	truefi	BUSD	553178	7.26921	4.60932	11.87853	26	True	Stable/Up	63.0	0.6390940712409008	0.6390940712409008
8ca17fc6-018b-46d4-9bfb-f2b5e981a0fb	Ethereum	dforce	USDT	548084	5.59384	0.0	5.59384	64	False	Down	73.0	-0.8669337975321373	-0.8794909759150764
4c2cde03-b517-4fad-b8b9-237d99edefdf	Avalanche	yeti-finance	qiUSDC	545055	2.18847	0.0	2.18847	23	False	Stable/Up	67.0	-0.5226976175020502	-0.5226976175020502
0453284a-96ac-4c00-88d1-979aaefde382	Avalanche	yield-yak	DAI.e	529041	3.71	0.0	3.71	38	False	Stable/Up	70.0	0.610692844811864	0.566076066178779
ae2196d3-008e-4865-a784-52f1f9a03ad8	0	0	0	0	0.0	0.0	0.0	0	0	0	0.0	0.0	0.0
79ea09be-3ad5-49a0-9946-fea2a195304a	Polygon	tetu	USDC	517378	0.0	5.11664	5.11664	26	False	Down	62.0	0.6601800234331111	0.6601800234331111
686e41b7-af2a-4efc-aeb5-6400d11a7bb1	0	0	0	0	0.0	0.0	0.0	0	0	0	0.0	0.0	0.0
515550a3-e494-4343-bc0a-e717a5174ff3	Solana	solend	USDC	440307	2.35488	6.1734	8.52828	66	False	Down	73.0	0.6760003696090046	-0.8956939321105388
0d89c6f6-60ee-4f5f-8b28-b8e36e68c015	0	0	0	0	0.0	0.0	0.0	0	0	0	0.0	0.0	0.0
9a452153-a314-48c3-99fd-017aba4e01b0	Polygon	beefy	2eurp	430645	6.55131	0.0	6.55131	42	False	Down	65.0	-0.5871118960641636	0.055834319310859616
7a8fa154-3136-4177-8cb7-37a85617a65f	Binance	dforce	USX	425114	7.85006	0.0	7.85006	64	False	Down	84.0	-0.9341899190223129	-0.9430439520233137
43550abe-c751-47a5-96b1-77778cbc1808	Optimism	tarot	USDC	412236	4.96652	0.0	4.96652	6	False	Down	51.0	-0.43052036818170153	-0.43052036818170153
8eba2b46-be53-43fa-ac15-9ebf45d97228	Polygon	dforce	USX	411920	9.96992	0.0	9.96992	64	False	Down	92.0	0.7510967933707293	0.2686332560175538
cb7b3e39-fa1e-4533-a0b4-98f12fd0882d	Cronos	acryptos	USDC	409231	3.49	0.0	3.49	64	False	Stable/Up	53.0	0.17635251277791544	0.7730793504925559
ec6ee288-5a67-4cdf-a1d5-19d4905cb6c0	Avalanche	beefy	usdt	408691	4.34058	0.0	4.34058	122	False	Stable/Up	63.0	0.05222645223539853	0.34699323523795944
3067acd9-0003-47ad-a4df-9df85485fb7b	Polygon	hop-protocol	DAI	407291	0.66099	0.0	0.66099	38	False	Stable/Up	86.0	0.6751306926536823	0.7873779832898168
d634ab3e-9bb9-4822-afe2-369ebb5ea1f4	Polygon	beefy	2eur	401960	4.0872	0.0	4.0872	106	False	Stable/Up	54.0	-0.23569909922723753	-0.44161724129139124
dbbbbda6-169b-4d0b-bd7c-4bdb64d5962a	Avalanche	platypus-finance	USDC	396039	0.0	0.0	0.0	20	False	Unknown	0.0	0.6238533205958346	0.6238533205958346
7ea620f1-359c-49f5-a2f3-f4061e8552af	Solana	solend	USDH	394286	0.7957	0.0	0.7957	118	False	Stable/Up	74.0	-0.2871758930082952	-0.9734211941700269
2ca668a0-235d-4790-8e4f-31a0245b9403	Solana	solend	PAI	392108	2.33775	6.9509	9.28865	118	False	Down	66.0	0.5595045252848995	0.2747607842967109
dba42a88-8f2d-4a90-ad01-5a0517c731b1	Binance	bolide	BUSD	380085	8.7718	0.0	8.7718	22	False	Stable/Up	61.0	-0.20726290640980302	-0.20726290640980302
f5cee03c-8a23-445d-a55a-a622b2c66ae8	Ethereum	pickle	USDC	346005	1.64048	0.0	1.64048	121	False	Stable/Up	56.99999999999999	0.2794799144422403	0.6878351858613673
889ed248-860c-4425-a219-223aca75a745	Solana	solend	USH	334446	2.38166	8.0931	10.47476	55	False	Stable/Up	62.0	0.2418209137152231	-0.7816026101011982
b0b2fd7f-e32e-4171-b0b6-5d1a896e7dcb	Binance	dforce	DAI	327526	3.35151	0.0	3.35151	64	False	Stable/Up	75.0	-0.8701924710215608	-0.8274977217538372
4ebca3f6-a333-4073-84c5-2bd5ebca4d64	Optimism	dforce	USDC	324844	5.8347	0.0	5.8347	64	False	Stable/Up	53.0	-0.15400240765560014	-0.32915450520631967
48a59a75-7dfc-47e5-8850-9f0933ab4d0a	Ethereum	idle-finance	RAI	322856	8.00491	0.0	8.00491	94	False	Down	78.0	-0.05682815146510472	0.3186507495370124
cf26a669-38b1-4dcb-8294-5a59c798975d	0	0	0	0	0.0	0.0	0.0	0	0	0	0.0	0.0	0.0
3b770db4-8985-4a18-8a06-2f331ea3a162	Ethereum	wing-finance	USDC	322215	4.74905	5.95145	10.7005	8	False	Stable/Up	51.0	0.5712535834258637	0.5712535834258637
0ee1bf9c-131c-4ec2-89cd-df853af258f1	Fantom	robo-vault	USDC	322175	2.36796	0.0	2.36796	111	False	Stable/Up	60.0	-0.8801367381814111	0.30243936113689207
12a0aba6-8d08-4233-90c7-3868e88a7094	Solana	solend	USDC	313725	1.42616	0.0	1.42616	118	False	Down	51.0	0.5613385370678502	-0.9238794808530858
dcd35b19-aaf6-486e-ada7-fba8767ab757	Ethereum	dforce	USDC	310556	7.1216	0.0	7.1216	64	False	Down	73.0	-0.9061400891568173	-0.7199665429019404
9bf5be6b-9cbe-43e0-b055-66b456e81f0d	Optimism	dforce	USX	308856	8.49757	0.0	8.49757	54	False	Stable/Up	55.00000000000001	0.44120497028083155	-0.6314251848303524
5029002e-7ce4-4c8b-b9b2-8f7d41c1b8fe	Ethereum	idle-finance	USDC	305954	10.22272	0.0	10.22272	31	False	Down	71.0	-0.8791866890026786	-0.8854330522612732
144233d0-32a4-4143-ac81-cc88334ef33d	Arbitrum	hop-protocol	USDT	305327	5.24004	0.0	5.24004	38	False	Down	70.0	0.39661014562406044	0.41059828854699365
9113f404-48a9-45cd-afe5-243110cd3620	Ethereum	tokemak	DAI	304553	0.0	7.69497	7.69497	24	False	Down	87.0	-0.09531212110271196	-0.09531212110271196
7ec8d5b8-684e-4513-ac5d-3cd5ec6726df	Avalanche	vector-finance	MONEY	301399	27.13509	0.0	27.13509	23	True	Down	63.0	-0.009440727430610467	-0.009440727430610467
09bb01c4-4997-443e-a43c-2c9140914da5	Solana	solend	UXD	290429	3.33414	8.0533	11.38744	118	False	Down	77.0	0.13193175712003177	-0.03116896816998401
1fe4a510-d57d-4d56-afd9-5407e58948a4	Binance	acryptos	BUSD	287060	8.07	0.0	8.07	58	False	Down	60.0	0.5543117217762157	0.005912591903607865
13e7dd80-4e72-47e9-855e-e8fea224e1df	Solana	solend	USDH	285830	3.39576	8.1073	11.50306	110	False	Down	68.0	0.659943398821898	-0.12077811106295984
c017cb27-f560-4b8e-9035-140038049b3c	Fantom	tarot	USDC	279368	0.56253	0.0	0.56253	6	False	Stable/Up	81.0	0.4465681169045679	0.4465681169045679
eec645c8-25d3-44d5-a94b-ba039e5603d0	Ontology	wing-finance	USDC	274663	5.84577	6.06085	11.90663	8	False	Down	71.0	0.3546796553924038	0.3546796553924038
cf67dcea-4b85-405c-b2d4-0e3aa782f684	Polygon	atlendis	agEUR	269189	6.84389	0.0	6.84389	37	False	Down	55.00000000000001	-0.3140126655316251	-0.12843338344681526
980528e7-5fce-476b-bfc3-8d4c588db8c9	Fantom	iron-bank	DAI	263589	4.5978	0.0	4.5978	56	False	Down	56.00000000000001	-0.9891552531988785	-0.9885258713523002
ce5b6930-2ddf-470d-8567-c59c71c80e3b	Fantom	tarot	USDC	259122	0.15909	0.0	0.15909	6	False	Stable/Up	65.0	0.633643578086143	0.633643578086143
f01c6dfa-1140-4537-8fd7-4e54445f8153	Ethereum	aave-v2	RAI	258912	5.84701	0.0	5.84701	209	False	Down	68.0	-0.30722566349439095	-0.6474173486324983
b869b6db-edd1-43e0-87e1-8dab647cf441	Polygon	dforce	USDT	255683	5.89437	0.0	5.89437	64	False	Down	62.0	-0.5035375621752832	-0.6411033182776757
09b0024e-d3f8-400d-b5c8-fb7eb1066f12	Ethereum	stakedao	3EUR	250904	0.04342	6.99889	7.04231	23	False	Down	72.0	0.39389926943208464	0.39389926943208464
42b2aeae-eaca-48f5-aa91-d1d01ff691c4	0	0	0	0	0.0	0.0	0.0	0	0	0	0.0	0.0	0.0
2989878d-a587-4045-921f-73e67bcafd9c	Optimism	tarot	USDC	236462	5.26344	0.0	5.26344	6	False	Stable/Up	61.0	-0.563480964918577	-0.563480964918577
f4ad198a-eb39-4a3f-965a-cd1cdc86586c	Fantom	yearn-finance	yvMIM	234899	5.06592	0.0	5.06592	209	False	Down	68.0	0.8163278286059682	-0.3000136614260843
54506699-8258-4426-88c2-a04892f1076a	Optimism	hop-protocol	USDT	230975	7.07216	0.0	7.07216	38	False	Down	73.0	-0.7905031392695749	-0.18813320165631445
c4c77439-c791-418b-8fdd-1d5d8b21133f	Optimism	the-granary	USDC	229197	0.91629	0.0	0.91629	17	False	Stable/Up	71.0	-0.9500282148005187	-0.9500282148005187
9d2ce7af-e185-46d3-8c0c-9e466cd95673	Avalanche	platypus-finance	USDC	228695	0.0	0.0	0.0	20	False	Unknown	0.0	0.5213257417631281	0.5213257417631281
807e479d-1303-4794-bf52-d4bf6dfdc86b	Binance	beefy	mai	224793	9.22799	0.0	9.22799	45	False	Stable/Up	59.0	-0.027001501033213793	0.5094134426553648
f3158184-fa3f-4c04-a518-8945efe87b68	Optimism	tarot	USDC	220927	5.65137	0.0	5.65137	6	False	Stable/Up	63.0	0.10028693740413498	0.10028693740413498
e7c6c700-6161-4864-8405-0c3dea87d5ba	Polygon	hop-protocol	USDT	216225	1.15599	0.0	1.15599	38	False	Stable/Up	72.0	-0.16782468299126532	-0.05372232710847525
0e84ae63-98ff-4b67-a355-9c3e1046e95c	Ethereum	dforce	DAI	212749	7.27904	0.0	7.27904	64	False	Down	74.0	-0.9399871597801639	-0.7851016022498329
16782046-8267-4773-9e2b-232c9124162d	Avalanche	yield-yak	USDT.e	212670	5.48	0.0	5.48	38	False	Down	65.0	0.08388268381795809	0.04738659554319427
a31033f1-a477-465f-882b-8f92e71afe16	Ethereum	yearn-finance	yvSUSHI	211031	8.67663	0.0	8.67663	209	False	Down	71.0	0.8604331780597616	-0.6437391149036785
5f36df24-0017-4b9e-afde-433e60315eb2	Polygon	tetu	USDT	203795	0.0	10.06018	10.06018	26	False	Down	68.0	0.059263671531123975	0.059263671531123975
ecf9ea28-f6ac-4fcd-9f74-5ffebc3caa9d	Binance	acryptos	BUSD	198955	1.85	0.0	1.85	57	False	Stable/Up	69.0	-0.8689931587494601	-0.6705542472334186
ae20f62c-0e2c-4c90-892c-2c6d6d3c5fa2	Avalanche	yield-yak	USDT	197367	3.67	0.0	3.67	38	False	Stable/Up	54.0	-0.44491032111262885	-0.5250351125696269
55790f40-e887-44af-ac76-3f04bee6eaaf	Fantom	yearn-finance	yvUSDT	189213	0.88511	0.0	0.88511	197	False	Stable/Up	80.0	0.18939164385775842	-0.19507097705639878
9078aa8f-7378-4969-925e-567e0c9b8da9	Ethereum	mero	USDC	184195	8.50277	0.0	8.50277	15	False	Down	64.0	-0.8318804185871479	-0.8318804185871479
406d7975-78ad-4c0f-80d9-962b8900bc93	Polygon	dforce	DAI	181078	5.17629	0.0	5.17629	64	False	Down	56.99999999999999	-0.5926922396172832	-0.42876942702813137
e0e1b75f-8fd1-41f0-bf86-674086195472	Binance	acryptos	USDC	175941	8.13	0.0	8.13	58	False	Stable/Up	56.99999999999999	0.6083333909836462	0.7319793432000691
80acab2f-b9fa-4252-bfa1-6447baf1ece8	Ethereum	vesper	veDAI	174273	0.0	7.42	7.42	119	False	Down	77.0	0.5529169914712649	0.1413577821303449
6519a4b3-1208-4b74-bd11-29df82189045	0	0	0	0	0.0	0.0	0.0	0	0	0	0.0	0.0	0.0
e7ac1509-b93a-45e1-a792-dca8dc82b55a	Fantom	tarot	USDC	171102	4.07037	0.0	4.07037	6	False	Stable/Up	81.0	0.46955538058666046	0.46955538058666046
2702189d-fe7a-46ff-9d6b-30e1441f6b7f	0	0	0	0	0.0	0.0	0.0	0	0	0	0.0	0.0	0.0
21b87a69-7c9a-474d-b3a6-6d60433fd0b5	Fantom	tetu	USDC	168037	5.18383	0.07023	5.25406	26	False	Stable/Up	60.0	0.6235423625091098	0.6235423625091098
7ef7618c-4801-4f01-9ed5-c55f64979a2b	Arbitrum	dforce	DAI	165794	8.1032	0.0	8.1032	64	False	Down	61.0	-0.8317263915804904	-0.6814766135114011
11c94295-5b61-4d28-8792-79464de3c68a	Arbitrum	hop-protocol	DAI	163078	3.28868	0.0	3.28868	38	False	Stable/Up	74.0	-0.16640279154934315	0.09665501517686309
42e8b934-2df6-49e5-9170-70bc386a6f01	Ethereum	wing-finance	USDT	162430	2.15058	0.98537	3.13595	8	False	Down	64.0	-0.37853060616523426	-0.37853060616523426
1dd764e3-4c39-4dd5-9e3f-284498f2aa22	Fantom	aave-v3	fUSDT	161284	2.20082	0.0	2.20082	31	False	Down	55.00000000000001	-0.49548694073873506	-0.5235308470343717
db8211d2-2815-45cf-bb60-3b22d0a55992	Avalanche	platypus-finance	USDC	161067	0.0	0.0	0.0	20	False	Unknown	0.0	0.6348430254482837	0.6348430254482837
4d9c226a-a7ad-4457-9792-24ce50ae253d	Fantom	tarot	USDC	160195	0.26306	0.0	0.26306	6	False	Stable/Up	62.0	-0.9761137726691407	-0.9761137726691407
21d32b58-c420-4a7f-a822-3137e2729816	Fantom	tarot	USDC	154554	0.0004	0.0	0.0004	6	False	Stable/Up	56.00000000000001	0.6654571253908068	0.6654571253908068
74525803-a8ab-446b-9a4e-f91ad2a41eea	Binance	bolide	USDC	153664	8.7718	0.0	8.7718	22	False	Stable/Up	64.0	0.003852936637944618	0.003852936637944618
a731eb9d-934f-4953-a1dd-489a6880756d	Optimism	dforce	DAI	150983	6.05961	0.0	6.05961	64	False	Stable/Up	62.0	-0.5736133641511102	-0.7715287524936854
a7d5c193-9aec-46ac-97a8-7719ce5c5914	Fantom	tarot	USDC	150855	0.37874	0.0	0.37874	6	False	Stable/Up	55.00000000000001	-0.9716561774818224	-0.9716561774818224
73dcea4d-c408-4095-8dbe-ca2be9887dee	Polygon	atlendis	USDC	148192	7.27903	0.0	7.27903	56	False	Down	68.0	0.24158910307935427	7.866469451699323e-16
840b2031-a0b8-47bc-8675-c9287cd208a9	Fantom	acryptos	DAI	148190	9.02	0.0	9.02	64	False	Stable/Up	65.0	0.12596712175463134	-0.05700634166921916
e3802349-333e-4e92-8503-1646a337895a	Solana	solend	USDH	147362	3.33802	0.0	3.33802	50	False	Stable/Up	59.0	-0.5005142708611063	-0.7415177618161884
9000c9f2-d97b-4e87-bb62-a59bc1a19180	Polygon	0vix	0VIX(PoS)DaiStablecoin	146820	2.08227	0.0	2.08227	28	False	Stable/Up	81.0	-0.2955151402574221	-0.2955151402574221
1072561c-1ca3-499b-83b4-a7077ac51138	Cronos	acryptos	TUSD	143302	3.78	0.0	3.78	64	False	Stable/Up	59.0	-0.2506702276823395	0.767982153664646
11d0d541-888f-46b4-a864-1ccf6947e0d1	Avalanche	vesper	vaUSDC.e	142937	2.28	2.11	4.39	119	False	Stable/Up	75.0	0.4272347108724636	0.12544908163773363
d09182c0-f250-4f29-96bc-276715d1dbf9	Solana	solend	USDC	141759	0.1404	0.0	0.1404	17	False	Stable/Up	83.0	-0.2757575379974095	-0.2757575379974095
d3688261-d3fa-43c2-9d04-f0f5d9bba6f9	0	0	0	0	0.0	0.0	0.0	0	0	0	0.0	0.0	0.0
e7671709-3eb8-4b67-a8af-d6bbce63612b	Avalanche	platypus-finance	USDC	139101	0.0	0.0	0.0	20	False	Unknown	0.0	-0.37481393951299724	-0.37481393951299724
0430e2be-ace6-4c24-bd81-a39c3a1e6a82	Binance	acryptos	USDT	138641	1.03	0.0	1.03	64	False	Down	53.0	-0.3058535395462104	0.5319516430381548
06fe7a2e-3e18-46cf-9a17-c857313de31c	Polygon	0vix	0VIXMAI	127782	1.39426	0.0	1.39426	16	False	Stable/Up	67.0	-0.8312995781386809	-0.8312995781386809
bb2e283a-a97a-4574-9502-3ef0371c44b8	0	0	0	0	0.0	0.0	0.0	0	0	0	0.0	0.0	0.0
bc35c925-0c1a-4035-85e3-26739a60614e	Solana	solend	UXD	121908	5.48207	0.0	5.48207	118	False	Down	81.0	-0.13600960948946	-0.9256817772402515
00251b54-839d-4b2d-a3c0-663fe1a2ca2b	Arbitrum	pickle	USDC	119981	6.7346	0.0	6.7346	121	False	Down	60.0	-0.007647524644691126	0.04216555392221751
a9910c50-9e95-41a1-84c2-4e6546d7b466	Fantom	aave-v3	DAI	119570	1.79056	0.0	1.79056	31	False	Down	55.00000000000001	-0.8100277191351593	-0.808932838629483
f22f2a85-8453-4afb-a460-074db614ac7b	0	0	0	0	0.0	0.0	0.0	0	0	0	0.0	0.0	0.0
3e390019-f5ca-49b8-8ff9-6ea8eb5a71f2	Fantom	tarot	USDC	111399	3.25116	0.0	3.25116	6	False	Stable/Up	75.0	0.20603874164262864	0.20603874164262864
78e6f9e0-ad74-4a99-b867-fd3234ed6e96	Solana	solend	USDC	110786	0.78682	0.0	0.78682	118	False	Stable/Up	67.0	-0.6385135523394373	-0.2765704389297214
44d88839-12f0-405d-a137-1a5925b78078	Ethereum	vesper	veDAI	110386	0.0	7.16	7.16	119	False	Down	82.0	-0.3216838441502764	-0.2004716102183029
5f6c8471-e98e-4111-b870-3b76a24e7212	Avalanche	yield-yak	USDC.e	109816	2.13	0.0	2.13	38	False	Stable/Up	66.0	-0.4710549671241318	-0.40231747730198164
be6c0a21-64b7-4fac-a2ac-a8c9137c29cc	Fantom	tetu	miMATIC	109418	12.03951	0.99847	13.03798	26	False	Down	61.0	0.12479530033121716	0.12479530033121716
6e19f26f-b0a2-403e-9f16-45a2bf0a5baa	Binance	acryptos	USDC	108800	0.16	0.0	0.16	64	False	Down	55.00000000000001	0.6061451442938934	-0.7512957185957255
d45f6e85-cc51-48e0-b7ac-69b5bdaefc35	Avalanche	iron-bank	DAI.e	106571	4.9802	0.0	4.9802	56	False	Down	60.0	-0.8993371238643285	-0.9948230514411104
6f5ce29e-74d8-4fdd-bcd2-6ec68658e520	Binance	acryptos	USDT	105277	4.7	0.0	4.7	64	False	Stable/Up	69.0	-0.16580254212635331	0.5101769372509262
bbb041c4-b1eb-4c5b-9015-d680c9fb4c64	Ethereum	idle-finance	DAI	103830	1.87084	0.0	1.87084	94	False	Stable/Up	67.0	0.20402983296736854	-0.19947697393439162
e9f325db-b0a3-464e-a528-7b216b25dd31	Fantom	tarot	USDC	103240	2.11874	0.0	2.11874	6	False	Down	74.0	0.19567041188279397	0.19567041188279397
0ddb2a72-bf64-4042-b5b5-8b963ed8a632	0	0	0	0	0.0	0.0	0.0	0	0	0	0.0	0.0	0.0
f0bb7507-28a9-4bc2-9663-571b6de249d6	Ethereum	vesper	veDAI	102083	0.0	10.56	10.56	77	False	Down	84.0	-0.7388427699520854	-0.4772528996686208
ed59f01f-b39d-49e4-9325-974dc436739b	Waves	vires-finance	EURN	101839	15.20033	0.08037	15.2807	59	False	Down	60.0	-0.9497031041413085	-0.8362691023897545
4eb33502-39af-46d0-aded-8ea250e3cd6d	Ethereum	idle-finance	DAI	100687	0.62612	0.0	0.62612	94	False	Stable/Up	63.0	0.921125918065014	0.4800741458782084
b1a21d29-c13c-4e1d-b5cb-6367b6382ee1	0	0	0	0	0.0	0.0	0.0	0	0	0	0.0	0.0	0.0
8bcce489-eba7-48a0-a4e0-2ce2c440dcdb	Fantom	tarot	DAI	98271	0.00397	0.0	0.00397	6	False	Stable/Up	67.5	0.0	0.0
c224ad7d-f2d7-4fd8-816c-1ebb64281d48	Polygon	pickle	USDC	96674	2.43623	0.0	2.43623	121	False	Stable/Up	75.0	-0.5946384833718658	-0.8742373390756469
1b814c63-629c-41d6-88eb-d7aba4d5460d	Binance	acryptos	USDC	95781	10.36	0.0	10.36	9	False	Stable/Up	56.00000000000001	-0.7868725931967213	-0.7868725931967213
a5e57d75-82ce-490a-b44e-d426dd3338f7	Polygon	aave-v3	SUSHI	94227	2.4822	0.0	2.4822	31	False	Stable/Up	60.0	-0.32359651789193306	-0.3926247676847362
e80e6098-e4cc-4274-837f-55a68bfc06fc	Avalanche	vesper	vaDAI.e	93176	1.01	3.24	4.25	119	False	Stable/Up	63.0	0.566222158412082	-0.3854301211178526
3164b991-e067-4365-82a4-8c7c6c7e35e0	0	0	0	0	0.0	0.0	0.0	0	0	0	0.0	0.0	0.0
6f3bed66-ca0d-4645-a49a-fbc36c133431	Ethereum	cbridge	BUSD	91965	3.43217	0.0	3.43217	128	False	Down	79.0	-0.29740309417786026	-0.5008764612837353
0d39548b-fef5-4623-9fcf-3e852a85728f	Avalanche	yield-yak	USDC	91803	2.34	0.0	2.34	38	False	Stable/Up	70.0	0.5694963662617349	0.5953641591668491
70e75ee1-22d4-4357-bd8e-1f48bfa99f91	Binance	acryptos	BUSD	87895	5.42	0.0	5.42	64	False	Stable/Up	56.99999999999999	-0.2791523450186106	-0.09383996940654113
f1ad9433-9abe-4f1e-8fcf-db937f978347	Arbitrum	pickle	USDT	86561	9.37731	0.0	9.37731	121	False	Down	52.0	0.1557477073588996	0.2548164326873771
ee69ab4b-2b25-463f-86cd-e3cb73aad717	Avalanche	iron-bank	MIM	85657	2.83	0.0	2.83	56	False	Stable/Up	65.0	-0.9888697337419649	-0.9996139675709438
f08654c9-652f-4ca9-a12c-e0ac06c54995	Polygon	atlendis	USDC	80841	4.6601	0.0	4.6601	64	False	Down	57.99999999999999	0.24826602084913518	0.904343435779757
ee9f9393-46c3-424f-b77d-179644656738	Binance	acryptos	USDT	80024	9.21	0.0	9.21	64	False	Down	50.0	-0.5330440063617827	-0.5245486310964933
f9d55f98-8913-4c22-8a7f-cab80b0c2872	Cronos	acryptos	USDT	79606	5.02	0.0	5.02	64	False	Down	66.0	0.09208255671170171	-0.6561388750343332
090c9782-5176-44e6-bd23-6badb2037ffa	Polygon	tetu	DAI	75684	5.6372	0.0	5.6372	26	False	Down	61.0	-0.4068858606206032	-0.4068858606206032
3ac17240-3399-4016-8cc8-260cdcd2ed7f	Binance	acryptos	USDC	75577	1.14	0.0	1.14	64	False	Stable/Up	73.0	0.8711710655783386	0.6155252850861475
c614f3ae-cd88-403a-850a-7b75597719c0	0	0	0	0	0.0	0.0	0.0	0	0	0	0.0	0.0	0.0
9a59d643-253a-4c1c-b993-a8232777a949	Cronos	acryptos	USDC	74005	3.86	0.0	3.86	64	False	Down	60.0	-0.5518770850600051	-0.8421826484510947
033b47d4-c9ff-4b3e-a0e7-2baab8f43feb	0	0	0	0	0.0	0.0	0.0	0	0	0	0.0	0.0	0.0
65b2aa56-1e0e-43c2-863c-b82b17d91a6d	0	0	0	0	0.0	0.0	0.0	0	0	0	0.0	0.0	0.0
475e228c-79e0-41ef-bcc5-32e0e21823ab	Fantom	tarot	USDC	68289	1.9057	0.0	1.9057	6	False	Down	66.0	0.3802937563482907	0.3802937563482907
33d01ae6-9a9f-4517-b9c8-dfaa168ff648	Fantom	tarot	DAI	66404	0.13273	0.0	0.13273	6	False	Stable/Up	61.0	0.868972878675963	0.868972878675963
d7281716-9325-47ce-9073-e5fb7229df90	Solana	solend	USDC	65151	0.00622	0.0	0.00622	103	False	Stable/Up	63.0	-0.15301840308172376	-0.40713193896452915
ec8cc935-0cfb-486a-ab78-3b9f219e84fd	Avalanche	platypus-finance	USDC	64894	0.0	0.0	0.0	20	False	Unknown	0.0	0.21303492714115116	0.21303492714115116
c1043890-72c2-41cc-a941-e7cc124b5b2d	Binance	acryptos	USDC	64816	3.46	0.0	3.46	54	False	Stable/Up	68.0	-0.21029633308691384	0.6412178709699152
0e3ade52-840f-463a-9029-401ae3fb9991	Ethereum	vesper	veDAI	64747	0.0	10.55	10.55	119	False	Down	98.0	0.1811210692293024	-0.7078967785500563
3d6eb84b-c939-44bb-90a4-b7fa3cb432e3	0	0	0	0	0.0	0.0	0.0	0	0	0	0.0	0.0	0.0
75f244f2-569d-41b7-a306-0c98366984ea	Fantom	the-granary	DAI	61440	2.38482	0.0	2.38482	17	False	Stable/Up	62.0	-0.8665688249391638	-0.8665688249391638
2a0634c6-0bc2-4ba5-aff4-12247f13e32e	Solana	solend	USDC	60781	0.53463	0.0	0.53463	111	False	Stable/Up	83.0	-0.7923220444466081	0.33526903217180865
7cca5f87-be99-4f84-aa84-a70d11f02f94	Binance	dot-dot-finance	valtusdEPS	60434	0.00315	0.18162	0.18477	40	False	Stable/Up	56.00000000000001	-0.08666764636535731	-0.08607814288608862
8e83c371-c879-40e4-b9f8-bf470856e35f	Binance	beefy	usdc	59671	0.8266	0.0	0.8266	142	False	Stable/Up	70.0	0.060146348005280514	-0.03485799014966597
2329c892-d4b3-4f94-8715-971b08204799	Binance	acryptos	DAI	58690	8.79	0.0	8.79	9	False	Stable/Up	73.0	0.31261758833343467	0.31261758833343467
5a3d4020-a795-4b07-9035-cdfb07985529	Avalanche	vesper	vaUSDC	57595	1.99	2.65	4.64	119	False	Stable/Up	70.0	0.38517522894467776	0.4050441837144978
5536e11d-a05e-4532-a017-1c0b1c1d1456	Avalanche	yield-yak	USDC	57583	3.41	0.0	3.41	38	False	Stable/Up	60.0	0.38344182783443975	0.5490927072072359
b980ce92-881c-4ec7-9ae8-40d0f7f3a1cc	Ethereum	mover	USDC	56031	4.35	0.0	4.35	80	False	Down	57.99999999999999	0.6596140167610115	0.7145016991253967
083bc169-58b9-4fa2-a01f-7c25319e75cf	Fantom	sturdy	DAI	54513	0.77232	0.0	0.77232	119	False	Stable/Up	66.0	0.6110466552327777	0.6520532237591204
33686699-68d8-49ce-b9bf-5491988906bc	Ethereum	stakedao	EUROPOOL	54135	0.29824	21.57225	21.87048	17	False	Down	64.0	0.5069461356242855	0.5069461356242855
58d19656-4e96-47b8-987a-816cedb39f4c	Cronos	acryptos	TUSD	52989	8.81	0.0	8.81	64	False	Down	77.0	-0.4138747162545649	-0.6007472659001508
6f67bc99-3b9f-4838-9bc4-7a1170b83ebd	Fantom	robo-vault	FRAX	52963	1.38045	0.0	1.38045	111	False	Stable/Up	79.0	-0.5334154999505297	-0.24801635650001227
875d2cc6-73f9-4804-b170-a2ef9462677a	Avalanche	trader-joe	MIM	52793	9.32947	0.0	9.32947	28	False	Down	70.0	-0.9984644968048031	-0.9984644968048031
1d7b6573-5aaf-4e6c-9532-d87c08f6e7e0	Polygon	pickle	USDT	52281	6.73531	0.0	6.73531	112	False	Stable/Up	76.0	-0.5666813427763321	-0.9141074796931314
3b7a1784-f104-4bd9-97cc-833ebfc9902b	Fantom	beefy	mim	51479	7.70768	0.0	7.70768	165	False	Down	74.0	-0.05647149366110354	-0.46609481414491555
22e59738-9af7-4d50-9c55-a9dacfd9dbb7	Binance	acryptos	TUSD	51167	2.68	0.0	2.68	64	False	Stable/Up	68.0	0.3605245432007786	-0.16580459236297365
7fbb0962-121b-472f-b9ba-beb64341219b	Ethereum	idle-finance	USDC	50297	4.60083	0.0	4.60083	31	False	Down	67.0	0.5929609438576917	0.6090634984194863
38a072db-a93a-4de9-a831-46fca47805fd	0	0	0	0	0.0	0.0	0.0	0	0	0	0.0	0.0	0.0
6bc3e007-592c-484a-a6e3-5c00bb2f2495	0	0	0	0	0.0	0.0	0.0	0	0	0	0.0	0.0	0.0
b6efe437-32b5-4fd0-9265-4b24ac1729a1	Fantom	iron-bank	fUSDT	46886	4.9203	0.0	4.9203	56	False	Stable/Up	68.0	-0.9264720438483721	-0.9812669687445744
5dd0ab4d-d6d1-4705-bec7-6f9b3f5928f9	Polygon	mover	USDC	46389	2.9	0.0	2.9	80	False	Stable/Up	55.00000000000001	-0.4928741045135981	-0.13899253379179707
3e3e037a-3407-4111-b05a-cf23f80462dd	Avalanche	yeti-finance	qiUSDTn	43927	3.06561	0.0	3.06561	23	False	Stable/Up	66.0	-0.07300388544482825	-0.07300388544482825
103ba949-12c7-4497-875d-45ba4326a4f9	Avalanche	yield-yak	YUSD	43554	7.17	0.0	7.17	38	False	Stable/Up	70.0	0.43309491425273783	0.4536925729103164
3add8b3e-d89e-4a7b-9ce6-679c6edf9202	Avalanche	beefy	dai.e	42968	2.2151	0.0	2.2151	122	False	Stable/Up	57.99999999999999	0.14355974106364752	0.922702772132617
3e6ecc78-7bdf-4034-bd59-72283a00ecdc	Fantom	tarot	USDC	42930	0.4548	0.0	0.4548	6	False	Unknown	0.0	-0.9999999997263137	-0.9999999997263137
1cc3f473-c7aa-45c4-8267-1d26021ef39b	0	0	0	0	0.0	0.0	0.0	0	0	0	0.0	0.0	0.0
ca69cc9e-a387-455c-b4f3-96ba3e62fec6	Binance	acryptos	USDC	42128	1.75	0.0	1.75	64	False	Stable/Up	59.0	0.47041055608670174	-0.6280885540083216
d46befc0-57af-44b2-a1f2-7f30488938a3	Cronos	acryptos	USDT	39221	1.32	0.0	1.32	64	False	Stable/Up	64.0	0.47960622666151603	-0.6456543022844495
8acfee88-dad8-4e75-89b1-110c2034a4bb	0	0	0	0	0.0	0.0	0.0	0	0	0	0.0	0.0	0.0
dadb0a92-3c79-433d-ab8b-6dab0fd46d7d	Solana	solend	USDT	36832	1.60713	0.0	1.60713	118	False	Stable/Up	52.0	0.6955202655264122	-0.8649694701534195
7fbcabac-6a56-46ac-bd5d-6884e0d85ff2	Ethereum	tokemak	ALUSD	36568	0.0	13.51073	13.51073	24	False	Down	94.0	-0.5064817158310824	-0.5064817158310824
d9bcb648-b5e2-4065-b668-a406bf2a2db3	Binance	acryptos	USDT	35942	16.44	0.0	16.44	6	False	Stable/Up	65.0	-0.9315310441538958	-0.9315310441538958
6feeb36a-8dbd-46ab-a18c-f809ea217ace	Ethereum	vesper	veDAI	34635	0.0	4.71	4.71	119	False	Down	73.0	0.08707287651391638	-0.5645787053522158
fe36ebbc-9d1e-4abd-ab24-5e91059be353	Gnosis	acryptos	WXDAI	34110	14.92	0.0	14.92	50	False	Down	54.0	-0.092868298094219	-0.635943004964879
6055720d-22ad-45d8-91ae-4345fa933ab0	Binance	beefy	dai	33391	1.95688	0.0	1.95688	140	False	Stable/Up	56.00000000000001	0.026528363281327568	0.2090501883337213
2960e69c-085e-4034-9dde-8b5fdfd3ee38	0	0	0	0	0.0	0.0	0.0	0	0	0	0.0	0.0	0.0
5a12a995-fa7c-4d3a-aea5-66f39989dbb4	Moonriver	acryptos	FRAX	33161	15.86	0.0	15.86	50	False	Stable/Up	53.0	0.01450422672706833	-0.9199292156912592
6c686ef1-8588-42eb-a25c-500b9edf28c6	Aurora	aurigami	USN	31943	0.0	4.64617	4.64617	45	False	Down	60.0	-0.39247951079431204	0.26565930143426764
d9353608-280d-4ec3-a748-4fbb0b157fc6	Polygon	harvest-finance	mUSD	31796	3.4229	0.0	3.4229	116	False	Stable/Up	59.0	0.30729972296235003	0.7102546832063753
041b887c-81f5-4ebc-9d45-9b3c003efbc8	Gnosis	acryptos	USDC	30648	12.75	0.0	12.75	46	False	Stable/Up	57.99999999999999	-0.05623441866559692	-0.5871230235199033
3de199da-ce4d-4301-aae5-8f1830ca7a77	Ethereum	idle-finance	ALUSD3CRV	30216	3.21815	0.0	3.21815	94	False	Down	76.0	-0.07026944715889676	0.9983411620032143
dcc0accf-d281-402a-a8eb-b6af3103419f	Cronos	acryptos	DAI	30107	2.49	0.0	2.49	64	False	Stable/Up	65.0	0.22689268652635952	-0.13018019780649487
0b00e38e-f003-4cb1-ab1f-066d125ace7d	0	0	0	0	0.0	0.0	0.0	0	0	0	0.0	0.0	0.0
4ff0e275-328e-400c-b2d1-23d016a9d05f	Fantom	the-granary	fUSDT	30030	6.08955	0.0	6.08955	17	False	Stable/Up	51.0	-0.7972066820960261	-0.7972066820960261
c7a5b3ba-5148-4a1e-a826-18249e2a2bf9	Moonbeam	acryptos	USDC	29005	0.0	0.0	0.0	64	False	Unknown	0.0	0.3156344036035133	-0.20391061511761827
855ef35a-ab02-4209-bef8-8fb58dce09ce	Ethereum	vesper	vDAI	27976	0.6	0.0	0.6	119	False	Down	59.0	-0.4057959670994922	-0.03713516179460776
2bf38bf0-f639-43d3-b830-55e931246716	Fantom	tarot	USDC	27112	4.78395	0.0	4.78395	6	False	Stable/Up	53.0	-0.7719677289453959	-0.7719677289453959
b0b13546-0955-44b3-9d30-0c4b4b708b6f	Optimism	tarot	USDC	26793	11.48112	0.0	11.48112	6	False	Stable/Up	84.0	-0.9358417660994442	-0.9358417660994442
65f68bad-18ed-45a7-b089-813780516cdd	Ethereum	mero	DAI	26495	8.24113	0.0	8.24113	15	False	Down	54.0	-0.8712076933248852	-0.8712076933248852
758d9c3e-e086-4781-b4e1-51bfd556a85d	Fantom	iron-bank	MIM	26292	8.1369	0.0	8.1369	56	False	Down	78.0	-0.7857985651005033	-0.9323569180041028
93fab8f3-736a-47dd-ae95-00f84101328c	Binance	acryptos	DAI	26161	5.89	0.0	5.89	64	False	Stable/Up	64.0	0.13699726557253872	-0.5185145050391495
88520f90-4ebb-4597-bdae-dc337b17157e	0	0	0	0	0.0	0.0	0.0	0	0	0	0.0	0.0	0.0
d87955b9-6841-4e74-b360-e28ea314855b	0	0	0	0	0.0	0.0	0.0	0	0	0	0.0	0.0	0.0
3d6467ff-8945-4e57-ba50-b950bf1537c5	Fantom	tarot	DAI	24439	0.16354	0.0	0.16354	6	False	Stable/Up	60.0	0.8390926128320277	0.8390926128320277
1b72d365-c76b-4446-ab84-6af7f9d77db1	Avalanche	yield-yak	USDC	24312	2.46	0.0	2.46	38	False	Stable/Up	72.0	0.07153779367430092	0.1822687141261411
db8655ac-0218-4051-83d6-8296593c7279	Avalanche	yield-yak	USDT.e	23287	6.89	0.0	6.89	38	False	Down	53.0	-0.3773472263177479	-0.4569844543058719
e936ab56-39af-4a64-8237-a857dca6b99f	Astar	acryptos	USDT	22823	11.71	0.0	11.71	50	False	Down	56.00000000000001	-0.4256228046507247	-0.7248461252995765
beb48ca6-6afc-47b4-b013-489dea8e03dd	Optimism	tarot	USDC	21924	7.57771	0.0	7.57771	6	False	Stable/Up	60.0	-0.24579323266893321	-0.24579323266893321
0fb4af7a-e49d-4a56-b8b2-da890f4224d9	Binance	wing-finance	DAI	20558	5.14822	1.46638	6.6146	8	False	Stable/Up	62.0	0.5769016797934134	0.5769016797934134
84957fa4-6544-4474-9192-738aaeb8a6ad	Ethereum	pickle	LUSD	20060	10.961	0.0	10.961	93	False	Down	73.0	-0.12956476874292752	0.3791188831301741
1bdb449e-e974-4f45-ad52-c7bc10408422	Fantom	tarot	DAI	19581	2.35109	0.0	2.35109	6	False	Stable/Up	62.0	0.9668218931049457	0.9668218931049457
eb6d5b36-f76b-4d95-ad49-ab19f983c5aa	Fantom	tarot	USDC	19475	1.54383	0.0	1.54383	6	False	Stable/Up	68.0	0.9975784560525627	0.9975784560525627
d375a232-c5a5-4b7c-90f3-f8b0a42b0ea7	Solana	solend	USDC	19027	5.0826	0.0	5.0826	118	False	Down	80.0	-0.2823225801501716	-0.961671277376785
c1e0afd6-df02-47e4-b146-658a26d26ecf	Avalanche	yield-yak	DAI.e	18718	7.56	0.0	7.56	38	False	Down	50.0	0.3535579937846801	0.30165055112063055
7d8d7b8f-6ddd-4310-8a6a-fef298066948	Fantom	tarot	USDC	18595	1e-05	0.0	1e-05	6	False	Down	72.0	-0.29187023309192284	-0.29187023309192284
c959843e-82d3-4a5c-b12a-88f092e52e3e	Binance	acryptos	USDT	17924	6.07	0.0	6.07	56	False	Stable/Up	72.0	-0.7839866441527875	-0.8539307426932156
5dd8ffbb-8b46-4268-80ab-e7dcdc48a770	Polygon	idle-finance	USDC	17716	0.29062	0.0	0.29062	94	False	Stable/Up	59.0	0.8807222016843058	0.4773648071221062
ec2337a6-7cfb-4435-8b45-4f1a17694a04	Fantom	tarot	USDC	17385	0.09227	0.0	0.09227	6	False	Down	52.0	-0.9618275652887494	-0.9618275652887494
e7f2a32b-97fa-4534-8ae6-cf386a2af781	0	0	0	0	0.0	0.0	0.0	0	0	0	0.0	0.0	0.0
b5080e14-94aa-4fe0-a291-2105bd749bf2	Solana	solend	USDC	16881	0.0012	0.0	0.0012	97	False	Stable/Up	72.0	-0.13893248075379133	-0.9749995335136066
931586ab-b0c0-4412-8e27-c1abed1cb107	Fantom	tarot	USDC	16491	0.33641	0.0	0.33641	6	False	Stable/Up	55.00000000000001	0.9998089442343391	0.9998089442343391
72e4c6ad-f4cb-4199-912f-db8cabd1d92c	Avalanche	yield-yak	DAI.e	16240	5.47	0.0	5.47	26	True	Stable/Up	73.0	0.18088728987104144	0.18088728987104144
89b69a88-db89-46a9-b052-b3248e00aff7	Avalanche	yield-yak	USDC.e	15995	1.98	0.0	1.98	35	False	Stable/Up	71.0	0.7252321522839146	0.7283102405171229
02c2f6f3-7e45-4f29-913d-6858267fbde0	Avalanche	yield-yak	FRAX	15790	1.55	0.0	1.55	25	False	Stable/Up	68.0	0.5498691939191906	0.5498691939191906
952ee59c-99f8-4272-a992-39f72eb014d2	Ethereum	wing-finance	DAI	14919	2.90113	4.26788	7.16901	8	False	Down	55.00000000000001	-0.025060339200595888	-0.025060339200595888
520b0eb7-6293-41cc-8b47-5415d6244de0	Avalanche	yield-yak	DAI.e	14793	2.45	0.0	2.45	26	False	Stable/Up	57.99999999999999	-0.8177954365868466	-0.8177954365868466
4c6eb65b-4d89-4b96-a464-4930b0822382	Avalanche	yield-yak	MONEYCRV	14739	11.73	0.0	11.73	38	False	Stable/Up	56.99999999999999	0.6897997175232565	0.7642855343290371
b0ffe38b-cb54-47d9-9f80-76f04945ab2c	Fantom	tarot	USDC	14710	0.00017	0.0	0.00017	6	False	Down	50.0	-0.9482519992657711	-0.9482519992657711
a48c25bf-8aab-473b-a40c-f6a5b67958c8	Fantom	robo-vault	DAI	14366	3.4539	0.0	3.4539	111	False	Down	55.00000000000001	-0.4559134976947438	0.1269601901021772
76c9f54e-0266-401d-a082-6e67b16a8489	Waves	vires-finance	BUSD	14199	19.66856	0.06476	19.73332	59	False	Down	74.0	-0.7627421769790619	-0.8981570581135101
698fa6a6-7471-4c61-8145-8d36814a4df3	Ethereum	idle-finance	SUSD	13824	0.97542	0.0	0.97542	94	False	Stable/Up	57.99999999999999	0.03638619055779378	-0.16670605411458173
dae1152d-7f80-440d-9f14-594a2e2afef4	Astar	acryptos	DAI	13566	13.39	0.0	13.39	50	False	Down	67.0	-0.07491375364686248	0.4207419310540533
0cdbaf02-7004-41b9-a771-3b56a9c8763b	0	0	0	0	0.0	0.0	0.0	0	0	0	0.0	0.0	0.0
765d24d5-1f60-4f4a-b5ae-06643a5a3392	Fantom	robo-vault	MIM	12891	4.45538	0.0	4.45538	111	False	Stable/Up	63.0	-0.25565514503655223	0.030545996923245437
016eb009-21e8-435f-83bc-cd2fbf74453a	Polygon	vesper	veDAI	12653	0.0	0.21	0.21	119	False	Down	53.0	0.5795803620084683	-0.016122394198461232
eb2ac2fa-fdd3-4c90-a0af-3f3f955429fe	Avalanche	acryptos	USDt	12209	11.16	0.0	11.16	64	False	Down	77.0	0.03345608366128041	0.11308795740834729
af6fb7d5-3f02-4fc4-bf2d-36429ab9e4ec	Avalanche	acryptos	DAIe	12209	3.79	0.0	3.79	64	False	Stable/Up	59.0	-0.5984798927983407	-0.6439339290850505
f625c088-a350-4bc0-8dae-f654216216b2	Polygon	idle-finance	DAI	11996	0.46663	0.0	0.46663	94	False	Stable/Up	72.0	0.7927630210279215	-0.35137532621339984
4554e50b-0b4c-4235-9d5f-644d7b267e1f	Avalanche	yield-yak	MONEY	11575	10.66	0.0	10.66	23	False	Down	56.99999999999999	0.05652152493383049	0.05652152493383049
51be9a35-fe52-41bc-b5a6-a44f5a439beb	Optimism	the-granary	DAI	11468	1.28925	0.0	1.28925	17	False	Down	57.99999999999999	-0.9993346986572859	-0.9993346986572859
6e8eef13-d91e-4343-ab5e-6e1439664292	Fantom	tarot	USDC	10996	0.53797	0.0	0.53797	6	False	Down	53.0	-0.9857953767248927	-0.9857953767248927
118f60cf-c82d-4658-88c9-d3d76866495d	0	0	0	0	0.0	0.0	0.0	0	0	0	0.0	0.0	0.0
30a9cd26-bfd2-4a96-98a2-5a06e50bb365	Avalanche	the-granary	USDC.e	10444	0.47914	0.0	0.47914	17	False	Stable/Up	59.0	-0.7637175774979177	-0.7637175774979177
7c293468-f1cd-4064-a3cd-72263570b033	Ethereum	idle-finance	USDC	10207	1.48029	0.0	1.48029	31	False	Stable/Up	56.00000000000001	0.19305718564126914	-0.23479343652508924
22a5ee34-7597-430c-83f6-166b824a6d53	Avalanche	acryptos	USDC	10094	2.62	0.0	2.62	64	False	Stable/Up	66.0	0.2598562430527105	-0.8270819565243878
94bcf4e6-7a64-4977-ac9c-07bf6a52e440	Waves	vires-finance	DAI	10066	12.87288	0.03313	12.90601	57	False	Down	60.0	-0.6524125959582581	-0.7937322503500213
60eaa3d8-0e0a-4a90-af04-78d919977db2	Ethereum	idle-finance	USDC	10040	7.19962	0.0	7.19962	21	False	Down	56.99999999999999	-0.08310061207662836	-0.08310061207662836
3d31928c-d6d7-4269-83a0-f82e5030885a	Ethereum	idle-finance	USDT	10032	3.89995	0.0	3.89995	31	False	Down	56.99999999999999	0.613588125850655	0.5943645507055703
31ea52b3-1fde-47f3-a5d0-c3d89f8344c6	0	0	0	0	0.0	0.0	0.0	0	0	0	0.0	0.0	0.0
